context;pronoun_target;make;second_verb;is_back;is_prefix_used_differently;aspect;neg;has_oblect
–ß—Ç–æ —Ç—ã –¥—É–º–∞–µ—à—å –æ —Ç–≤–æ—Ä—á–µ—Å—Ç–≤–µ –û–ª—å–≥–∏ –ë—É–∑–æ–≤–æ–π? ‚Äî –°–¥–µ–ª–∞–π—Ç–µ –º–µ–Ω—è –Ω–µ –≤–∏–¥–µ—Ç—å –∏ –Ω–µ —Å–ª—ã—à–∞—Ç—å —ç—Ç–æ—Ç —É–∂–∞—Å;–º–µ–Ω—è;—Å–¥–µ–ª–∞–π—Ç–µ;–≤–∏–¥–µ—Ç—å;–Ω–µ—Ç;–Ω–µ—Ç;–Ω–µ—Å–æ–≤.;–æ—Ç—Ä–∏—Ü–∞–Ω–∏–µ;–¥–∞
–ß—Ç–æ —Ç—ã –¥—É–º–∞–µ—à—å –æ —Ç–≤–æ—Ä—á–µ—Å—Ç–≤–µ –û–ª—å–≥–∏ –ë—É–∑–æ–≤–æ–π? ‚Äî –°–¥–µ–ª–∞–π—Ç–µ –º–µ–Ω—è –Ω–µ –≤–∏–¥–µ—Ç—å –∏ –Ω–µ —Å–ª—ã—à–∞—Ç—å —ç—Ç–æ—Ç —É–∂–∞—Å;–º–µ–Ω—è;—Å–¥–µ–ª–∞–π—Ç–µ;—Å–ª—ã—à–∞—Ç—å;–Ω–µ—Ç;–¥–∞;–Ω–µ—Å–æ–≤.;–æ—Ç—Ä–∏—Ü–∞–Ω–∏–µ;–¥–∞
–ó–∞—Å—Ç–∞–≤—å—Ç–µ –º–Ω–µ –∏–¥—Ç–∏ —É—á–∏—Ç—å –∫–æ–Ω—Å–ø–µ–∫—Ç—ã –Ω–∞ –∑–∞–≤—Ç—Ä–∞;–º–Ω–µ;–∑–∞—Å—Ç–∞–≤—å—Ç–µ;–∏–¥—Ç–∏ —É—á–∏—Ç—å;–Ω–µ—Ç;–¥–∞;–Ω–µ—Å–æ–≤.;–Ω–∏—á–µ–≥–æ;–¥–∞
–†–µ–±—è—Ç, –∑–∞—Å—Ç–∞–≤—å—Ç–µ –º–Ω–µ –∏–¥—Ç–∏ –¥–µ–ª–∞—Ç—å –∞–Ω–≥–ª–∏–π—Å–∫–∏–π;–º–Ω–µ;–∑–∞—Å—Ç–∞–≤—å—Ç–µ;–∏–¥—Ç–∏ –¥–µ–ª–∞—Ç—å;–Ω–µ—Ç;–¥–∞;–Ω–µ—Å–æ–≤.;–Ω–∏—á–µ–≥–æ;–¥–∞
–ú–ù–ï –°–ö–ê–ó–ê–õ–ò –ö–ê–ö–û–ï –°–û–ß–ò–ù–ï–ù–ò–ï –ü–ò–°–ê–¢–¨ –ù–ê–î–û –ó–ê–°–¢–ê–í–¨–¢–ï –ú–ù–ï –ï–ì–û –¢–ï–ü–ï–†–¨ –ü–ò–°–ê–¢–¨ –ü–û –¢–í–ò–¢–¢–ï–†–°–ö–ò –ê–ê;–º–Ω–µ;–∑–∞—Å—Ç–∞–≤—å—Ç–µ;–ø–∏—Å–∞—Ç—å;–Ω–µ—Ç;–¥–∞;–Ω–µ—Å–æ–≤.;–Ω–∏—á–µ–≥–æ;–¥–∞
–ö—Ç–æ-–Ω–∏–±—É–¥—å –∑–∞—Å—Ç–∞–≤—å—Ç–µ –º–Ω–µ —É–∂–µ —Å–µ—Å—Ç—å –Ω–∞ –¥–∏–µ—Ç—É –∏ –Ω–∞–∫–∞—á–∞—Ç—å –∑–∞–¥–Ω–∏—Ü—É;–º–Ω–µ;–∑–∞—Å—Ç–∞–≤—å—Ç–µ;—Å–µ—Å—Ç—å;–Ω–µ—Ç;–Ω–µ—Ç;–Ω–µ—Å–æ–≤.;–Ω–∏—á–µ–≥–æ;–Ω–µ—Ç
–ö—Ç–æ-–Ω–∏–±—É–¥—å –∑–∞—Å—Ç–∞–≤—å—Ç–µ –º–Ω–µ —É–∂–µ —Å–µ—Å—Ç—å –Ω–∞ –¥–∏–µ—Ç—É –∏ –Ω–∞–∫–∞—á–∞—Ç—å –∑–∞–¥–Ω–∏—Ü—É;–º–Ω–µ;–∑–∞—Å—Ç–∞–≤—å—Ç–µ;–Ω–∞–∫–∞—á–∞—Ç—å;–Ω–µ—Ç;–Ω–µ—Ç;—Å–æ–≤.;–Ω–∏—á–µ–≥–æ;–¥–∞
–∑–∞—Å—Ç–∞–≤—å—Ç–µ –º–Ω–µ –≤—Å—Ç–∞—Ç—å;–º–Ω–µ;–∑–∞—Å—Ç–∞–≤—å—Ç–µ;–≤—Å—Ç–∞—Ç—å;–Ω–µ—Ç;–Ω–µ—Ç;—Å–æ–≤.;–Ω–∏—á–µ–≥–æ;–Ω–µ—Ç
–ö—Ç–æ-–Ω–∏–±—É–¥—å –∑–∞—Å—Ç–∞–≤—å—Ç–µ –º–Ω–µ —É—á–∏—Ç—å —ç—Ç–æ—Ç –¥—É—Ä–∞—Ü–∫–∏–π —Å—Ç–∏—Ö!;–º–Ω–µ;–∑–∞—Å—Ç–∞–≤—å—Ç–µ;—É—á–∏—Ç—å;–Ω–µ—Ç;–¥–∞;–Ω–µ—Å–æ–≤.;–Ω–∏—á–µ–≥–æ;–¥–∞
–ó–∞—Å—Ç–∞–≤—å—Ç–µ –º–Ω–µ —Å–¥–µ–ª–∞—Ç—å —É—Ä–æ–∫–∏.....;–º–Ω–µ;–∑–∞—Å—Ç–∞–≤—å—Ç–µ;—Å–¥–µ–ª–∞—Ç—å;–Ω–µ—Ç;–Ω–µ—Ç;—Å–æ–≤.;–Ω–∏—á–µ–≥–æ;–¥–∞
–ó–∞—Å—Ç–∞–≤—å—Ç–µ –º–Ω–µ —á—Ç–æ –Ω–∏–±—É–¥—å —Å–¥–µ–ª–∞—Ç—å –≤ —ç—Ç–æ–π –∂–∏–∑–Ω–∏;–º–Ω–µ;–∑–∞—Å—Ç–∞–≤—å—Ç–µ;—Å–¥–µ–ª–∞—Ç—å;–Ω–µ—Ç;–Ω–µ—Ç;—Å–æ–≤.;–Ω–∏—á–µ–≥–æ;–¥–∞
–ó–∞—Å—Ç–∞–≤—å—Ç–µ –º–Ω–µ –¥–æ—Å–º–æ—Ç—Ä–µ—Ç—å –ú–û –∏ –Ω–∞—á–∞—Ç—å —Å–º–æ—Ç—Ä–µ—Ç—å –í–æ–ª—á–æ–Ω–∫–∞;–º–Ω–µ;–∑–∞—Å—Ç–∞–≤—å—Ç–µ;–¥–æ—Å–º–æ—Ç—Ä–µ—Ç—å;–Ω–µ—Ç;–Ω–µ—Ç;—Å–æ–≤.;–Ω–∏—á–µ–≥–æ;–¥–∞
–ó–∞—Å—Ç–∞–≤—å—Ç–µ –º–Ω–µ –¥–æ—Å–º–æ—Ç—Ä–µ—Ç—å –ú–û –∏ –Ω–∞—á–∞—Ç—å —Å–º–æ—Ç—Ä–µ—Ç—å –í–æ–ª—á–æ–Ω–∫–∞;–º–Ω–µ;–∑–∞—Å—Ç–∞–≤—å—Ç–µ;—Å–º–æ—Ç—Ä–µ—Ç—å;–Ω–µ—Ç;–¥–∞;–Ω–µ—Å–æ–≤.;–Ω–∏—á–µ–≥–æ;–¥–∞
–ö—Ç–æ-–Ω–∏–±—É–¥—å, –∑–∞—Å—Ç–∞–≤—å—Ç–µ –º–Ω–µ –¥–æ–¥–µ–ª–∞—Ç—å –ª–∏—Ç–µ—Ä–∞—Ç—É—Ä—É, –ø–æ–∂–∞–ª—É–π—Å—Ç–∞;–º–Ω–µ;–∑–∞—Å—Ç–∞–≤—å—Ç–µ;–¥–æ–¥–µ–ª–∞—Ç—å;–Ω–µ—Ç;–Ω–µ—Ç;—Å–æ–≤.;–Ω–∏—á–µ–≥–æ;–¥–∞
–ö—Ç–æ-–Ω–∏–±—É–¥—å –∑–∞—Å—Ç–∞–≤—å—Ç–µ –º–Ω–µ –¥–µ–ª–∞—Ç—å –±–∏–ª–µ—Ç—ã...–∞ —Ç–æ –º–æ–π –±–∞—Ç—è –æ—Ç–∫–ª—é—á–∏—Ç –¥–æ –∫–æ–Ω—Ü–∞ —á–µ—Ç–≤–µ—Ä—Ç–∏ –º–Ω–µ –∏–Ω–µ—Ç :<;–º–Ω–µ;–∑–∞—Å—Ç–∞–≤—å—Ç–µ;–¥–µ–ª–∞—Ç—å;–Ω–µ—Ç;–¥–∞;–Ω–µ—Å–æ–≤.;–Ω–∏—á–µ–≥–æ;–¥–∞
–ö—Ç–æ-–Ω–∏–±—É–¥—å, –Ω—É –∑–∞—Å—Ç–∞–≤—å—Ç–µ –º–Ω–µ –¥–µ–ª–∞—Ç—å —Ä–∞–±–æ—Ç—É, –∞–∞–∞–∞.. –ú–Ω–µ –Ω—É–∂–Ω–æ 5 –æ—Ç—á–µ—Ç–æ–≤ —Å–æ—Å—Ç–∞–≤–ª—è—Ç—å –Ω—É –µ–º–æ–µ, –∞ —è —Å–∏–∂—É –∏ —Ç—É–ø–ª—é –∏ –Ω–∏—Ñ–∏–≥–∞ –Ω–µ –¥–µ–ª–∞—é —ç—ç—ç—Ö;–º–Ω–µ;–∑–∞—Å—Ç–∞–≤—å—Ç–µ;–¥–µ–ª–∞—Ç—å;–Ω–µ—Ç;–¥–∞;–Ω–µ—Å–æ–≤.;–Ω–∏—á–µ–≥–æ;–¥–∞
–ê —Å–µ–π—á–∞—Å –∑–∞—Å—Ç–∞–≤—å—Ç–µ –º–Ω–µ –∫—Ç–æ-–Ω–∏–±—É–¥—å –Ω–∞–ø–µ—á–∞—Ç–∞—Ç—å —ç—Ç–æ—Ç –ø—Ä–æ—ç—Ö—Ç;–º–Ω–µ;–∑–∞—Å—Ç–∞–≤—å—Ç–µ;–Ω–∞–ø–µ—á–∞—Ç–∞—Ç—å;–Ω–µ—Ç;–Ω–µ—Ç;—Å–æ–≤.;–Ω–∏—á–µ–≥–æ;–¥–∞
–ö—Ç–æ-–Ω–∏—Ç—å –∑–∞—Å—Ç–∞–≤—å—Ç–µ –º–Ω–µ –¥–µ–ª–∞—Ç—å –¥–∑ —É–∂–µ –∞–∞;–º–Ω–µ;–∑–∞—Å—Ç–∞–≤—å—Ç–µ;–¥–µ–ª–∞—Ç—å;–Ω–µ—Ç;–¥–∞;–Ω–µ—Å–æ–≤.;–Ω–∏—á–µ–≥–æ;–¥–∞
–ö—Ç–æ-–Ω–∏–±—É–¥—å –∑–∞—Å—Ç–∞–≤—å—Ç–µ –º–Ω–µ —Å—Ö–æ–¥–∏—Ç—å –≤ –º–∞–≥–∞–∑–∏–Ω –∑–∞ –∫–æ–ª–≥–æ—Ç–∫–∞–º–∏, –∏–ª–∏ —Ö–æ—Ç—è –±—ã –∫—É–ø–∏—Ç–µ –º–Ω–µ –∏—Ö.. –ù–∞—Ä–æ–¥ –º–Ω–µ –Ω–µ –≤ —á–µ–º —Ö–æ–¥–∏—Ç—å!;–º–Ω–µ;–∑–∞—Å—Ç–∞–≤—å—Ç–µ;—Å—Ö–æ–¥–∏—Ç—å;–Ω–µ—Ç;–Ω–µ—Ç;—Å–æ–≤.;–Ω–∏—á–µ–≥–æ;–Ω–µ—Ç
–∑–∞—Å—Ç–∞–≤—å—Ç–µ –º–Ω–µ —ç—Ç–æ –ø–µ—Ä–µ–≤–µ—Å—Ç–∏;–º–Ω–µ;–∑–∞—Å—Ç–∞–≤—å—Ç–µ;–ø–µ—Ä–µ–≤–µ—Å—Ç–∏;–Ω–µ—Ç;–Ω–µ—Ç;—Å–æ–≤.;–Ω–∏—á–µ–≥–æ;–¥–∞
–ê –∑–∞—Å—Ç–∞–≤—å—Ç–µ –º–Ω–µ –ø—Ä–µ–∫—Ä–∞—Ç–∏—Ç—å —Å–ª—É—à–∞—Ç—å –≤–æ—Å—Ö–æ–¥—è—â—É—é –∑–≤–µ–∑–¥—É –∫–ª–∞—É–¥-—Ä—ç–ø–∞ (—á—Ç–æ —ç—Ç–æ –≤–æ–æ–±—â–µ?);–º–Ω–µ;–∑–∞—Å—Ç–∞–≤—å—Ç–µ;—Å–ª—É—à–∞—Ç—å;–Ω–µ—Ç;–Ω–µ—Ç;–Ω–µ—Å–æ–≤.;–Ω–∏—á–µ–≥–æ;–¥–∞
–ó–∞—Å—Ç–∞–≤—å—Ç–µ –º–Ω–µ —É—á–∏—Ç—å, –ø–æ–∂–∞–ª—É–π—Å—Ç–∞, –º–Ω–µ –Ω—É–∂–µ–Ω —á–µ–ª–æ–≤–µ–∫, –∫–æ—Ç–æ—Ä—ã–π –±—É–¥–µ—Ç –±–∏—Ç—å –º–µ–Ω—è –≥–æ–ª–æ–≤–æ–π –æ —Å—Ç–æ–ª –∏ –≤–æ–ø–∏—Ç—å –£–ß–ò–ò;–º–Ω–µ;–∑–∞—Å—Ç–∞–≤—å—Ç–µ;—É—á–∏—Ç—å;–Ω–µ—Ç;–¥–∞;–Ω–µ—Å–æ–≤.;–Ω–∏—á–µ–≥–æ;–Ω–µ—Ç
–ö—Ç–æ-–Ω–∏–±—É–¥—å –ø—Ä–∏–¥–∏—Ç–µ –¥–æ–º–æ–π –∫–æ –º–Ω–µ –∏ –∑–∞—Å—Ç–∞–≤—å—Ç–µ –º–Ω–µ –≤—Å—Ç–∞—Ç—å —Å –∫—Ä–æ–≤–∞—Ç–∏;–º–Ω–µ;–∑–∞—Å—Ç–∞–≤—å—Ç–µ;–≤—Å—Ç–∞—Ç—å;–Ω–µ—Ç;–Ω–µ—Ç;—Å–æ–≤.;–Ω–∏—á–µ–≥–æ;–Ω–µ—Ç
–±–ª–∏–Ω, –∑–∞—Å—Ç–∞–≤—å—Ç–µ –º–Ω–µ –∫—Ç–æ-–Ω–∏–±—É–¥—å —Å–¥–µ–ª–∞—Ç—å –ª–∏—Ç–µ—Ä–∞—Ç—É—Ä—É;–º–Ω–µ;–∑–∞—Å—Ç–∞–≤—å—Ç–µ;—Å–¥–µ–ª–∞—Ç—å;–Ω–µ—Ç;–Ω–µ—Ç;—Å–æ–≤.;–Ω–∏—á–µ–≥–æ;–¥–∞
–ó–∞—Å—Ç–∞–≤—å—Ç–µ –º–Ω–µ –±—ã—Ç—å —Å–µ—Ä—å–µ–∑–Ω–µ–π, –º—Ä–∞–∑–æ—Ç—ã;–º–Ω–µ;–∑–∞—Å—Ç–∞–≤—å—Ç–µ;–±—ã—Ç—å (—Å–µ—Ä—å–µ–∑–Ω–µ–µ);–Ω–µ—Ç;–Ω–µ—Ç;–Ω–µ—Å–æ–≤.;–Ω–∏—á–µ–≥–æ;–Ω–µ—Ç
–ó–∞—Å—Ç–∞–≤—å—Ç–µ –º–Ω–µ –∫—Ç–æ-–Ω–∏–±—É–¥—å –±–µ–≥–∞—Ç—å;–º–Ω–µ;–∑–∞—Å—Ç–∞–≤—å—Ç–µ;–±–µ–≥–∞—Ç—å;–Ω–µ—Ç;–Ω–µ—Ç;–Ω–µ—Å–æ–≤.;–Ω–∏—á–µ–≥–æ;–Ω–µ—Ç
–ó–∞—Å—Ç–∞–≤—å—Ç–µ –º–Ω–µ –∫—Ç–æ-–Ω–∏–±—É–¥—å –≤—ã—Ç–∞—â–∏—Ç—å –Ω–∞—É—à–Ω–∏–∫–∏ –∏ –≥–æ—Ç–æ–≤–∏—Ç—å—Å—è –∫ –ï–ì–≠!;–º–Ω–µ;–∑–∞—Å—Ç–∞–≤—å—Ç–µ;–≤—ã—Ç–∞—â–∏—Ç—å;–Ω–µ—Ç;–Ω–µ—Ç;—Å–æ–≤.;–Ω–∏—á–µ–≥–æ;–¥–∞
–ó–∞—Å—Ç–∞–≤—å—Ç–µ –º–Ω–µ –∫—Ç–æ-–Ω–∏–±—É–¥—å –≤—ã—Ç–∞—â–∏—Ç—å –Ω–∞—É—à–Ω–∏–∫–∏ –∏ –≥–æ—Ç–æ–≤–∏—Ç—å—Å—è –∫ –ï–ì–≠!;–º–Ω–µ;–∑–∞—Å—Ç–∞–≤—å—Ç–µ;–≥–æ—Ç–æ–≤–∏—Ç—å—Å—è;–Ω–µ—Ç;–Ω–µ—Ç;–Ω–µ—Å–æ–≤.;–Ω–∏—á–µ–≥–æ;–Ω–µ—Ç
–∑–∞—Å—Ç–∞–≤—å—Ç–µ –º–Ω–µ —Å–¥–µ–ª–∞—Ç—å –µ—Ç—É —Å—Ä–∞–Ω—É—é –≥–µ–æ–≥—Ä–∞—Ñ–∏—é;–º–Ω–µ;–∑–∞—Å—Ç–∞–≤—å—Ç–µ;—Å–¥–µ–ª–∞—Ç—å;–Ω–µ—Ç;–Ω–µ—Ç;—Å–æ–≤.;–Ω–∏—á–µ–≥–æ;–¥–∞
–•—ç–π, –≤–ª–∞—Å—Ç–∏—Ç–µ–ª—å–Ω–∏—Ü–∞ —Ç—å–º—ã, –∑–∞—Å—Ç–∞–≤—å—Ç–µ –º–Ω–µ –¥–æ–º–∞—à–∫—É –≤–∞–º –Ω–∞–ø–∏—Å–∞—Ç—å.:D;–º–Ω–µ;–∑–∞—Å—Ç–∞–≤—å—Ç–µ;–Ω–∞–ø–∏—Å–∞—Ç—å;–Ω–µ—Ç;–Ω–µ—Ç;—Å–æ–≤.;–Ω–∏—á–µ–≥–æ;–¥–∞
–ó–∞—Å—Ç–∞–≤—å—Ç–µ –º–Ω–µ –≤—Å–µ-—Ç–∞–∫–∏ –¥–µ–ª–∞—Ç—å –∞–ª–≥–µ–±—Ä—É, –ø–ª–µ—Å;–º–Ω–µ;–∑–∞—Å—Ç–∞–≤—å—Ç–µ;–¥–µ–ª–∞—Ç—å;–Ω–µ—Ç;–¥–∞;–Ω–µ—Å–æ–≤.;–Ω–∏—á–µ–≥–æ;–¥–∞
–ì–æ—Å–ø–æ–¥–∏, –ø–æ—á–µ–º—É —è —Ç–∞–∫–æ–π –ª–µ–Ω–∏–≤—ã–π?! –ó–∞—Å—Ç–∞–≤—å—Ç–µ –º–Ω–µ –≤—Å—Ç–∞—Ç—å, –∏–ª–∏ —è —Ç—É—Ç –¥–æ –≤–µ—á–µ—Ä–∞ –ø—Ä–æ–ª–µ–∂—É!;–º–Ω–µ;–∑–∞—Å—Ç–∞–≤—å—Ç–µ;–≤—Å—Ç–∞—Ç—å;–Ω–µ—Ç;–Ω–µ—Ç;—Å–æ–≤.;–Ω–∏—á–µ–≥–æ;–Ω–µ—Ç
–ó–∞—Å—Ç–∞–≤—å—Ç–µ –º–Ω–µ –∫—Ç–æ –Ω–∏–±—É–¥—å –ø–æ–π—Ç–∏ —Å–ø–∞—Ç—å;–º–Ω–µ;–∑–∞—Å—Ç–∞–≤—å—Ç–µ;—Å–ø–∞—Ç—å;–Ω–µ—Ç;–Ω–µ—Ç;–Ω–µ—Å–æ–≤.;–Ω–∏—á–µ–≥–æ;–Ω–µ—Ç
–∑–∞—Å—Ç–∞–≤—å—Ç–µ –º–Ω–µ –≤—Å—Ç–∞—Ç—å —Å–æ —Å—Ç—É–ª–∞;–º–Ω–µ;–∑–∞—Å—Ç–∞–≤—å—Ç–µ;–≤—Å—Ç–∞—Ç—å;–Ω–µ—Ç;–Ω–µ—Ç;—Å–æ–≤.;–Ω–∏—á–µ–≥–æ;–Ω–µ—Ç
–∑–∞—Å—Ç–∞–≤—å—Ç–µ –º–Ω–µ —Å–Ω–æ–≤–∞ —Å–º–æ—Ç—Ä–µ—Ç—å –Ω–∞ —ç—Ç–∏ –µ–±–ª–∞.;–º–Ω–µ;–∑–∞—Å—Ç–∞–≤—å—Ç–µ;—Å–º–æ—Ç—Ä–µ—Ç—å;–Ω–µ—Ç;–¥–∞;–Ω–µ—Å–æ–≤.;–Ω–∏—á–µ–≥–æ;–Ω–µ—Ç
–∑–∞—Å—Ç–∞–≤—å—Ç–µ –º–Ω–µ —Å—Ç–∏—Ö–∏ –ø–∏—Å–∞—Ç—å. —Ö–æ—Ç—è –∫–æ–º—É –æ–Ω–∏ –Ω—É–∂–Ω—ã;–º–Ω–µ;–∑–∞—Å—Ç–∞–≤—å—Ç–µ;–ø–∏—Å–∞—Ç—å;–Ω–µ—Ç;–¥–∞;–Ω–µ—Å–æ–≤.;–Ω–∏—á–µ–≥–æ;–¥–∞
–∑–∞—Å—Ç–∞–≤—å—Ç–µ –º–Ω–µ –ª–µ—á—å —Ö–æ—Ç—å —Ä–∞–∑ –Ω–æ—Ä–º–∞–ª—å–Ω–æ —Å–ø–∞—Ç—å;–º–Ω–µ;–∑–∞—Å—Ç–∞–≤—å—Ç–µ;–ª–µ—á—å —Å–ø–∞—Ç—å;–Ω–µ—Ç;–Ω–µ—Ç;—Å–æ–≤.;–Ω–∏—á–µ–≥–æ;–Ω–µ—Ç
–ó–∞—Å—Ç–∞–≤—å—Ç–µ –º–Ω–µ –¥–æ—Ä–∏—Å–æ–≤–∞—Ç—å –®–µ–Ω–Ω–æ–Ω–∞ –¥–ª—è –ë—Ä–æ–≤—É—à–∫–∏;–º–Ω–µ;–∑–∞—Å—Ç–∞–≤—å—Ç–µ;–¥–æ—Ä–∏—Å–æ–≤–∞—Ç—å;–Ω–µ—Ç;–Ω–µ—Ç;—Å–æ–≤.;–Ω–∏—á–µ–≥–æ;–¥–∞
–ó–∞—Å—Ç–∞–≤—å—Ç–µ –º–Ω–µ –¥–µ–ª–∞—Ç—å —á—Ç–æ-–Ω–∏–±—É–¥—å! –ù–∞–ø—Ä–∏–º–µ—Ä –¥–∏–ø–ª–æ–º, –∞ —Ç–æ —è —Å–ø–ª—é –≤–µ—Å—å –¥–µ–Ω—å, –Ω–∞–¥–æ–µ–ª–æ.;–º–Ω–µ;–∑–∞—Å—Ç–∞–≤—å—Ç–µ;–¥–µ–ª–∞—Ç—å;–Ω–µ—Ç;–¥–∞;–Ω–µ—Å–æ–≤.;–Ω–∏—á–µ–≥–æ;–¥–∞
–ó–∞—Å—Ç–∞–≤—å—Ç–µ –º–Ω–µ —Å–µ—Å—Ç—å –∏ –Ω–∞—á–∞—Ç—å –¥–µ–ª–∞—Ç—å —É—Ä–æ–∫–∏–∏;–º–Ω–µ;–∑–∞—Å—Ç–∞–≤—å—Ç–µ;—Å–µ—Å—Ç—å;–Ω–µ—Ç;–Ω–µ—Ç;—Å–æ–≤.;–Ω–∏—á–µ–≥–æ;–Ω–µ—Ç
–ó–∞—Å—Ç–∞–≤—å—Ç–µ –º–Ω–µ —Å–µ—Å—Ç—å –∏ –Ω–∞—á–∞—Ç—å –¥–µ–ª–∞—Ç—å —É—Ä–æ–∫–∏–∏;–º–Ω–µ;–∑–∞—Å—Ç–∞–≤—å—Ç–µ;–Ω–∞—á–∞—Ç—å –¥–µ–ª–∞—Ç—å;–Ω–µ—Ç;–Ω–µ—Ç;—Å–æ–≤.;–Ω–∏—á–µ–≥–æ;–¥–∞
–∑–∞—Å—Ç–∞–≤—å—Ç–µ –º–Ω–µ –ø–æ—á–∏—Ç–∞—Ç—å —É—Ä–æ–∫–∏ –∏ –∑–∞–±–µ—Ä–∏—Ç–µ –æ—Ç –º–µ–Ω—è –º—É–∑—ã–∫—É;–º–Ω–µ;–∑–∞—Å—Ç–∞–≤—å—Ç–µ;–ø–æ—á–∏—Ç–∞—Ç—å;–Ω–µ—Ç;–Ω–µ—Ç;—Å–æ–≤.;–Ω–∏—á–µ–≥–æ;–¥–∞
–∫—Ç–æ-–Ω–∏–±—É–¥—å, –∑–∞—Å—Ç–∞–≤—å—Ç–µ –º–Ω–µ —É—á–∏—Ç—å—Å—è –ø–∂–∞–ª–∫–∏ —Ç—Ç;–º–Ω–µ;–∑–∞—Å—Ç–∞–≤—å—Ç–µ;—É—á–∏—Ç—å—Å—è;–Ω–µ—Ç;–¥–∞;–Ω–µ—Å–æ–≤.;–Ω–∏—á–µ–≥–æ;–¥–∞
–∑–∞—Å—Ç–∞–≤—å—Ç–µ –º–Ω–µ –∫—Ç–æ-–Ω–∏–±—É–¥—å –Ω–∞–ø–∏—Å–∞—Ç—å –µ–π —ç—Ç–∏ —Ç—Ä–∏ –µ–±–∞–Ω—ã—Ö —Å–ª–æ–≤–∞;–º–Ω–µ;–∑–∞—Å—Ç–∞–≤—å—Ç–µ;–Ω–∞–ø–∏—Å–∞—Ç—å;–Ω–µ—Ç;–Ω–µ—Ç;—Å–æ–≤.;–Ω–∏—á–µ–≥–æ;–¥–∞
–ó–∞—Å—Ç–∞–≤—å—Ç–µ –º–Ω–µ –∑–∞—Å–Ω—É—Ç—å!!!;–º–Ω–µ;–∑–∞—Å—Ç–∞–≤—å—Ç–µ;–∑–∞—Å–Ω—É—Ç—å;–Ω–µ—Ç;–Ω–µ—Ç;—Å–æ–≤.;–Ω–∏—á–µ–≥–æ;–Ω–µ—Ç
–∑–∞—Å—Ç–∞–≤—å—Ç–µ –º–Ω–µ –≤—ã–ª–µ–∑—Ç–∏ –∏–∑-–ø–æ–¥ –æ–¥–µ—è–ª–∫–∞ –∏ –∏–¥—Ç–∏ –∑–∞–≤—Ç—Ä–∞–∫–∞—Ç—å;–º–Ω–µ;–∑–∞—Å—Ç–∞–≤—å—Ç–µ;–≤—ã–ª–µ–∑—Ç–∏;–Ω–µ—Ç;–Ω–µ—Ç;—Å–æ–≤.;–Ω–∏—á–µ–≥–æ;–Ω–µ—Ç
–∑–∞—Å—Ç–∞–≤—å—Ç–µ –º–Ω–µ –≤—ã–ª–µ–∑—Ç–∏ –∏–∑-–ø–æ–¥ –æ–¥–µ—è–ª–∫–∞ –∏ –∏–¥—Ç–∏ –∑–∞–≤—Ç—Ä–∞–∫–∞—Ç—å;–º–Ω–µ;–∑–∞—Å—Ç–∞–≤—å—Ç–µ;–∏–¥—Ç–∏ –∑–∞–≤—Ç—Ä–∞–∫–∞—Ç—å;–Ω–µ—Ç;–Ω–µ—Ç;–Ω–µ—Å–æ–≤.;–Ω–∏—á–µ–≥–æ;–Ω–µ—Ç
–∑–∞—Å—Ç–∞–≤—å—Ç–µ –º–Ω–µ —Å–¥–µ–ª–∞—Ç—å –∞–Ω–≥–ª–∏–π—Å–∫–∏–π, –∏–±–æ —á–µ—Ä–µ–∑ —á–∞—Å —è –¥–æ–ª–∂–µ–Ω –µ–≥–æ —Å–¥–∞—Ç—å, –∏–Ω–∞—á–µ –º–Ω–µ –ø–∏–∑–¥–∞. —É–º–æ–ª—è—é, –∑–∞—Å—Ç–∞–≤—å—Ç–µ;–º–Ω–µ;–∑–∞—Å—Ç–∞–≤—å—Ç–µ;—Å–¥–µ–ª–∞—Ç—å;–Ω–µ—Ç;–Ω–µ—Ç;—Å–æ–≤.;–Ω–∏—á–µ–≥–æ;–¥–∞
–ó–∞—Å—Ç–∞–≤—å—Ç–µ –º–Ω–µ –∫—Ç–æ-–Ω–∏–±—É–¥—å —É—á–∏—Ç—å—Å—è! –ü–æ–∂–∞–ª—É–π—Å—Ç–∞!;–º–Ω–µ;–∑–∞—Å—Ç–∞–≤—å—Ç–µ;—É—á–∏—Ç—å—Å—è;–Ω–µ—Ç;–¥–∞;–Ω–µ—Å–æ–≤.;–Ω–∏—á–µ–≥–æ;–Ω–µ—Ç
–ó–∞—Å—Ç–∞–≤—å—Ç–µ –º–Ω–µ –∫—Ç–æ-–Ω–∏–±—É–¥—å —Å–µ—Å—Ç—å –∑–∞ —Å–æ—á–∏–Ω–µ–Ω–∏–µ –ø–æ —Ñ—Ä–∞–Ω—Ü—É–∑—Å–∫–æ–π –ª–∏—Ç–µ—Ä–∞—Ç—É—Ä–µ, —É–º–æ–ª—è—é;–º–Ω–µ;–∑–∞—Å—Ç–∞–≤—å—Ç–µ;—Å–µ—Å—Ç—å;–Ω–µ—Ç;–Ω–µ—Ç;—Å–æ–≤.;–Ω–∏—á–µ–≥–æ;–Ω–µ—Ç
–ö—Ç–æ –Ω–∏–±—É–¥—å –∑–∞—Å—Ç–∞–≤—å—Ç–µ –º–Ω–µ –Ω–∞—á–∞—Ç—å —á—Ç–æ –Ω–∏–±—É–¥—å –¥–µ–ª–∞—Ç—å) –ª–µ–Ω–∏–≤–∞—è —Å—Ç–∞–ª–∞;–º–Ω–µ;–∑–∞—Å—Ç–∞–≤—å—Ç–µ;–¥–µ–ª–∞—Ç—å;–Ω–µ—Ç;–¥–∞;–Ω–µ—Å–æ–≤.;–Ω–∏—á–µ–≥–æ;–¥–∞
–∑–∞—Å—Ç–∞–≤—å—Ç–µ –º–Ω–µ –≤—ã—É—á–∏—Ç—å —ç–∫–∑–∞–º–µ–Ω;–º–Ω–µ;–∑–∞—Å—Ç–∞–≤—å—Ç–µ;–≤—ã—É—á–∏—Ç—å;–Ω–µ—Ç;–Ω–µ—Ç;—Å–æ–≤.;–Ω–∏—á–µ–≥–æ;–¥–∞
–•–≠–õ–ü –ú–ò –ö–¢–û –ù–ò–ë–£–î–¨! –ó–ê–°–¢–ê–í–¨–¢–ï –ú–ù–ï –í–°–¢–ê–¢–¨(–•–û–¢–Ø –ë–´) –ò –ü–û–ô–¢–ò –ù–ê –ö–£–•–ù–Æ –ü–û–ñ–†–ê–ê–ê–ê–ê–ê–¢–¨!!!!!;–º–Ω–µ;–∑–∞—Å—Ç–∞–≤—å—Ç–µ;–≤—Å—Ç–∞—Ç—å;–Ω–µ—Ç;–Ω–µ—Ç;—Å–æ–≤.;–Ω–∏—á–µ–≥–æ;–Ω–µ—Ç
–•–≠–õ–ü –ú–ò –ö–¢–û –ù–ò–ë–£–î–¨! –ó–ê–°–¢–ê–í–¨–¢–ï –ú–ù–ï –í–°–¢–ê–¢–¨(–•–û–¢–Ø –ë–´) –ò –ü–û–ô–¢–ò –ù–ê –ö–£–•–ù–Æ –ü–û–ñ–†–ê–ê–ê–ê–ê–ê–¢–¨!!!!!;–º–Ω–µ;–∑–∞—Å—Ç–∞–≤—å—Ç–µ;–ø–æ–π—Ç–∏;–Ω–µ—Ç;–Ω–µ—Ç;—Å–æ–≤.;–Ω–∏—á–µ–≥–æ;–Ω–µ—Ç
–∑–∞—Å—Ç–∞–≤—å—Ç–µ –º–Ω–µ —Ä–∞–∑–æ–±—Ä–∞—Ç—å—Å—è –≤ –∫–æ–º–ø–µ –∏ —É–¥–∞–ª–∏—Ç—å –Ω–µ–Ω—É–∂–Ω–æ–µ...–Ω–∞–¥–æ, –∞ —Ç–∞–∫ –ª–µ–Ω—å.;–º–Ω–µ;–∑–∞—Å—Ç–∞–≤—å—Ç–µ;—Ä–∞–∑–æ–±—Ä–∞—Ç—å—Å—è;–Ω–µ—Ç;–Ω–µ—Ç;—Å–æ–≤.;–Ω–∏—á–µ–≥–æ;–Ω–µ—Ç
–∑–∞—Å—Ç–∞–≤—å—Ç–µ –º–Ω–µ —Ä–∞–∑–æ–±—Ä–∞—Ç—å—Å—è –≤ –∫–æ–º–ø–µ –∏ —É–¥–∞–ª–∏—Ç—å –Ω–µ–Ω—É–∂–Ω–æ–µ...–Ω–∞–¥–æ, –∞ —Ç–∞–∫ –ª–µ–Ω—å.;–º–Ω–µ;–∑–∞—Å—Ç–∞–≤—å—Ç–µ;—É–¥–∞–ª–∏—Ç—å;–Ω–µ—Ç;–Ω–µ—Ç;—Å–æ–≤.;–Ω–∏—á–µ–≥–æ;–¥–∞
–∑–∞—Å—Ç–∞–≤—å—Ç–µ –º–Ω–µ –∑–∞–Ω—è—Ç—å—Å—è –¥–µ–ª–æ–º! –∫ –ø—Ä–∏–º–µ—Ä—É —ç–∫–∑–∞–º–µ–Ω—ã –Ω–∞ –º–∞–≥–∏—Å—Ç—Ä–∞—Ç—É—Ä—É;–º–Ω–µ;–∑–∞—Å—Ç–∞–≤—å—Ç–µ;–∑–∞–Ω—è—Ç—å—Å—è;–Ω–µ—Ç;–Ω–µ—Ç;—Å–æ–≤.;–Ω–∏—á–µ–≥–æ;–Ω–µ—Ç
–°–¥–µ–ª–∞–π—Ç–µ –º–Ω–µ —ç—Ç–æ —Ä–∞–∑–≤–∏–¥–µ—Ç—å;–º–Ω–µ;—Å–¥–µ–ª–∞–π—Ç–µ;—Ä–∞–∑–≤–∏–¥–µ—Ç—å;–Ω–µ—Ç;–¥–∞;—Å–æ–≤.;—Ä–∞–∑-;–¥–∞
–°–¥–µ–ª–∞–π—Ç–µ –º–Ω–µ —Å–¥–æ—Ö–Ω—É—Ç—å, —è –Ω–µ –º–æ–≥—É –±–æ–ª—å—à–µ;–º–Ω–µ;—Å–¥–µ–ª–∞–π—Ç–µ;—Å–¥–æ—Ö–Ω—É—Ç—å;–Ω–µ—Ç;–Ω–µ—Ç;—Å–æ–≤.;–Ω–∏—á–µ–≥–æ;–Ω–µ—Ç
—Å–¥–µ–ª–∞–π—Ç–µ –º–Ω–µ —Å–¥–æ—Ö–Ω—É—Ç—å, –ø–æ–∂–∞–ª—É–π—Å—Ç–∞ —ç—Ç—É –∂–∏–∑–Ω—å –∂–∏—Ç—å —Å–ª–∏—à–∫–æ–º —Å–ª–æ–∂–Ω–æ;–º–Ω–µ;—Å–¥–µ–ª–∞–π—Ç–µ;—Å–¥–æ—Ö–Ω—É—Ç—å;–Ω–µ—Ç;–Ω–µ—Ç;—Å–æ–≤.;–Ω–∏—á–µ–≥–æ;–Ω–µ—Ç
–ß—Ç–æ –∑–∞ –æ–±–Ω–∏–º–∞—à–∫–∏, —Ä–µ–±—è—Ç? –°–¥–µ–ª–∞–π—Ç–µ –º–Ω–µ –Ω–µ –≤–∏–¥–µ—Ç—å –Ω–∞–º–µ–∫ —Ö);–º–Ω–µ;—Å–¥–µ–ª–∞–π—Ç–µ;–≤–∏–¥–µ—Ç—å;–Ω–µ—Ç;–Ω–µ—Ç;–Ω–µ—Å–æ–≤.;–æ—Ç—Ä–∏—Ü–∞–Ω–∏–µ;–¥–∞
–°–î–ï–õ–ê–ô–¢–ï –ú–ù–ï –†–ê–ó–í–ò–î–ï–¢–¨ –≠–¢–û;–º–Ω–µ;—Å–¥–µ–ª–∞–π—Ç–µ;—Ä–∞–∑–≤–∏–¥–µ—Ç—å;–Ω–µ—Ç;–Ω–µ—Ç;—Å–æ–≤.;—Ä–∞–∑-;–¥–∞
—Å–¥–µ–ª–∞–π—Ç–µ –º–Ω–µ –ø–µ—Ä–µ—Å—Ç–∞—Ç—å –ø—Ä–æ–∫—Ä–∞—Å—Ç–∏–Ω–∏—Ä–æ–≤–∞—Ç—å;–º–Ω–µ;—Å–¥–µ–ª–∞–π—Ç–µ;–ø—Ä–æ–∫—Ä–∞—Å—Ç–∏–Ω–∏—Ä–æ–≤–∞—Ç—å;–Ω–µ—Ç;–Ω–µ—Ç;–Ω–µ—Å–æ–≤.;–Ω–∏—á–µ–≥–æ;–Ω–µ—Ç
- –û–Ω —Å–∞–º –Ω–µ —Å–≤–æ–π –≤ –ø–æ—Å–ª–µ–¥–Ω–µ–µ –≤—Ä–µ–º—è, ‚Äì –±–æ—Ä–º–æ—á–µ—Ç –ò–Ω—Å–æ–Ω, –∫–æ–≥–¥–∞ –∑–∞ –ö–∏—Ö—ë–Ω–æ–º –∑–∞–∫—Ä—ã–≤–∞–µ—Ç—Å—è –¥–≤–µ—Ä—å. - –ê–≥–∞, –ø–æ—Å–ª–µ–¥–Ω–∏–µ –ª–µ—Ç –ø—è—Ç—å. @ —Å–¥–µ–ª–∞–π—Ç–µ –º–Ω–µ –Ω–µ –≤—ã—Ç—å;–º–Ω–µ;—Å–¥–µ–ª–∞–π—Ç–µ;–≤—ã—Ç—å;–Ω–µ—Ç;–Ω–µ—Ç;–Ω–µ—Å–æ–≤.;–æ—Ç—Ä–∏—Ü–∞–Ω–∏–µ;–Ω–µ—Ç
–ö–û –ú–ù–ï –°–ï–ô–ß–ê–° –ü–†–ò–•–û–î–ò–õ –¢–ï–†–ê–ü–ï–í–¢, –†–ï–ë–Ø–¢–ê, –°–î–ï–õ–ê–ô–¢–ï –ú–ù–ï –ü–†–ï–ö–†–ê–¢–ò–¢–¨ –û–†–ê–¢–¨;–º–Ω–µ;—Å–¥–µ–ª–∞–π—Ç–µ;–æ—Ä–∞—Ç—å;–Ω–µ—Ç;–Ω–µ—Ç;–Ω–µ—Å–æ–≤.;–Ω–∏—á–µ–≥–æ;–Ω–µ—Ç
–ü–æ—Å–º–æ—Ç—Ä–µ–ª–∞ –≤–∏–¥–æ—Å –ø–æ –æ–ø–ª–æ–¥–æ—Ç–≤–æ—Ä–µ–Ω–∏—é –Ω–∞ –∞–∫—É—à–µ—Ä—Å—Ç–≤–µ –°–¥–µ–ª–∞–π—Ç–µ –º–Ω–µ —Ä–∞–∑–≤–∏–¥–µ—Ç—å;–º–Ω–µ;—Å–¥–µ–ª–∞–π—Ç–µ;—Ä–∞–∑–≤–∏–¥–µ—Ç—å;–Ω–µ—Ç;–Ω–µ—Ç;—Å–æ–≤.;—Ä–∞–∑-;–Ω–µ—Ç
–û–º–≥ –æ–º–≥!‚Ä¶ üò±–ê–ê–ê–ê–ê–ê–ê!!! –†–£–ß–û–ù–ö–ê –°–ú–û–¢–†–ò–¢ —Ç–µ–±–µ –≤ –≥–ª–∞–∑–∞ –∏ –ø—Ä–∏ —ç—Ç–æ–º –µ—â—ë –∏ –£–õ–´–ë–ê–ï–¢–°–Ø!!‚Ä¶ üôà–°–¥–µ–ª–∞–π—Ç–µ –º–Ω–µ —Ä–∞–∑–≤–∏–¥–µ—Ç—å —ç—Ç–æ—Ç —É–∂–∞—Å.;–º–Ω–µ;—Å–¥–µ–ª–∞–π—Ç–µ;—Ä–∞–∑–≤–∏–¥–µ—Ç—å;–Ω–µ—Ç;–Ω–µ—Ç;—Å–æ–≤.;—Ä–∞–∑-;–¥–∞
–°–¥–µ–ª–∞–π—Ç–µ –º–Ω–µ –ø–µ—Ä–µ—Å—Ç–∞—Ç—å —Å–º–µ—è—Ç—å—Å—è, –ø–æ–∂–∞–ª—É–π—Å—Ç–∞!;–º–Ω–µ;—Å–¥–µ–ª–∞–π—Ç–µ;—Å–º–µ—è—Ç—å—Å—è;–Ω–µ—Ç;–¥–∞;–Ω–µ—Å–æ–≤.;–Ω–µ—Ç;–Ω–µ—Ç
–∞ –Ω–µ—Ç –∫—Ç–æ-—Ç–æ –∑–∞—à–∏–ø–ø–µ—Ä–∏–ª –Ω–æ –ª—É—á—à–µ –±—ã —è —ç—Ç–æ–≥–æ –Ω–µ –≤–∏–¥–µ–ª —Å–¥–µ–ª–∞–π—Ç–µ –º–Ω–µ —Ä–∞–∑–≤–∏–¥–µ—Ç—å —Ç–∞–º —Ç–∞–∫–æ–π –û–û–° —á—Ç–æ –ø–∏–∑–¥–µ—Ü;–º–Ω–µ;—Å–¥–µ–ª–∞–π—Ç–µ;—Ä–∞–∑–≤–∏–¥–µ—Ç—å;–Ω–µ—Ç;–Ω–µ—Ç;—Å–æ–≤.;—Ä–∞–∑-;–Ω–µ—Ç
–Ω–µ–Ω–∞–≤–∏–∂—É —à–∏–Ω–≥–µ–∫ –∏ –Ω–µ–Ω–∞–≤–∏–∂—É –∏—Å–∞—è–º—É —Å–¥–µ–ª–∞–π—Ç–µ –º–Ω–µ —Ä–∞–∑–≤–∏–¥–µ—Ç—å –∏ –∑–∞–±—ã—Ç—å –ø—Ä–æ —ç—Ç—É –º–∞–Ω–≥—É –°–õ–ò–®–ö–û–ú –ë–û–õ–¨–ù–û;–º–Ω–µ;—Å–¥–µ–ª–∞–π—Ç–µ;—Ä–∞–∑–≤–∏–¥–µ—Ç—å;–Ω–µ—Ç;–Ω–µ—Ç;—Å–æ–≤.;—Ä–∞–∑-;–Ω–µ—Ç
–ö—Ç–æ-–Ω–∏–±—É–¥—å, —Å–¥–µ–ª–∞–π—Ç–µ –º–Ω–µ –ø–µ—Ä–µ—Å—Ç–∞—Ç—å –æ—Ä–∞—Ç—å, —è —Å–∞–º –Ω–µ –º–æ–≥—É. –°–ª–∏—à–∫–æ–º —ç–º–æ—Ü–∏–æ–Ω–∞–ª—å–Ω—ã–π –≤–µ—á–µ—Ä.–¢–æ —Å –®–∏–Ω–æ–º –æ—Ä—É, —Ç–æ –Ω–∞ –ù–∞–ø–∞ —Å –ï–≤–æ–π, —Ç–æ –≥–ª—è–¥—è –Ω–∞ –¥–µ–±–∏–ª–æ–≤.;–º–Ω–µ;—Å–¥–µ–ª–∞–π—Ç–µ;–æ—Ä–∞—Ç—å;–Ω–µ—Ç;–Ω–µ—Ç;–Ω–µ—Å–æ–≤.;–Ω–∏—á–µ–≥–æ;–Ω–µ—Ç
–°–¥–µ–ª–∞–π—Ç–µ –º–Ω–µ –ø–µ—Ä–µ—Å—Ç–∞—Ç—å –ø–ª–∞–∫–∞—Ç—å –ø–æ–¥ #fleetfoxes –∏ #mujuice;–º–Ω–µ;—Å–¥–µ–ª–∞–π—Ç–µ;–ø–ª–∞–∫–∞—Ç—å;–Ω–µ—Ç;–Ω–µ—Ç;–Ω–µ—Å–æ–≤.;–Ω–∏—á–µ–≥–æ;–Ω–µ—Ç
—Ä–æ–º–µ–æ–Ω –∏ –¥–∞–ª–∏–µ—Ç—Ç–∞... –°–î–ï–õ–ê–ô–¢–ï –ú–ù–ï –û–†–ê–¢–¨ –ü–û–¢–ò–®–ï, –ü–û–ñ–ê–õ–£–ô–°–¢–ê, –ê–•–ê–•–ê–•–•–ê–•–ê–•–ê–•–•–ê–•–ê–•–ê;–º–Ω–µ;—Å–¥–µ–ª–∞–π—Ç–µ;–æ—Ä–∞—Ç—å;–Ω–µ—Ç;–Ω–µ—Ç;–Ω–µ—Å–æ–≤.;–Ω–∏—á–µ–≥–æ;–Ω–µ—Ç
–•–æ—Å—Å–ø–∞–¥–µ! –°–¥–µ–ª–∞–π—Ç–µ –º–Ω–µ —Ä–∞–∑–≤–∏–¥–µ—Ç—å –≠–¢–û!!;–º–Ω–µ;—Å–¥–µ–ª–∞–π—Ç–µ;—Ä–∞–∑–≤–∏–¥–µ—Ç—å;–Ω–µ—Ç;–Ω–µ—Ç;—Å–æ–≤.;—Ä–∞–∑-;–¥–∞
–ù–∞–¥–æ –∏–¥—Ç–∏ —É–±—Ä–∞—Ç—å—Å—è –Ω–∞ –∫—É—Ö–Ω–µ, –Ω–æ –±–ª—è—Ç—å, —Å–¥–µ–ª–∞–π—Ç–µ –º–Ω–µ –≤—Å—Ç–∞—Ç—å;–º–Ω–µ;—Å–¥–µ–ª–∞–π—Ç–µ;–≤—Å—Ç–∞—Ç—å;–Ω–µ—Ç;–Ω–µ—Ç;—Å–æ–≤.;–Ω–∏—á–µ–≥–æ;–Ω–µ—Ç
–ò —É –º–µ–Ω—è —Å–µ–≥–æ–¥–Ω—è –Ω–µ —Å–∞–º–∞—è –ø—Ä–∏—è—Ç–Ω–∞—è –∫–æ–º–ø–∞–Ω–∏—è –≤ –∞–≤—Ç–æ–±—É—Å–µ.... –ê —Å—Ç—ã–¥-—Ç–æ –∫–∞–∫–æ–π~~~~ –°–¥–µ–ª–∞–π—Ç–µ –º–Ω–µ —Ä–∞–∑–≤–∏–ª–µ—Ç—å, –ø–∂–ª—Å—Ç–∞;–º–Ω–µ;—Å–¥–µ–ª–∞–π—Ç–µ;—Ä–∞–∑–≤–∏–¥–µ—Ç—å;–Ω–µ—Ç;–Ω–µ—Ç;—Å–æ–≤.;—Ä–∞–∑-;–Ω–µ—Ç
–°–¥–µ–ª–∞–π—Ç–µ –º–Ω–µ —Ä–∞–∑–≤–∏–¥–µ—Ç—å —ç—Ç–æ!;–º–Ω–µ;—Å–¥–µ–ª–∞–π—Ç–µ;—Ä–∞–∑–≤–∏–¥–µ—Ç—å;–Ω–µ—Ç;–Ω–µ—Ç;—Å–æ–≤.;—Ä–∞–∑-;–¥–∞
–¢–æ–ø-–º–æ–¥–µ–ª—å –ø–æ-–∫–∏—Ç–∞–π—Å–∫–∏. –°–¥–µ–ª–∞–π—Ç–µ –º–Ω–µ —Ä–∞–∑–≤–∏–¥–µ—Ç—å —ç—Ç–æ;–º–Ω–µ;—Å–¥–µ–ª–∞–π—Ç–µ;—Ä–∞–∑–≤–∏–¥–µ—Ç—å;–Ω–µ—Ç;–Ω–µ—Ç;—Å–æ–≤.;—Ä–∞–∑-;–¥–∞
–ë–ª—ç—Ç...–°–¥–µ–ª–∞–π—Ç–µ –º–Ω–µ —Ä–∞–∑–≤–∏–¥–µ—Ç—å —ç—Ç–æ!;–º–Ω–µ;—Å–¥–µ–ª–∞–π—Ç–µ;—Ä–∞–∑–≤–∏–¥–µ—Ç—å;–Ω–µ—Ç;–Ω–µ—Ç;—Å–æ–≤.;—Ä–∞–∑-;–¥–∞
–°–¥–µ–ª–∞–π—Ç–µ –º–Ω–µ —ç—Ç–æ —Ä–∞–∑—Å–ª—ã—à–∞—Ç—å. –¢–µ–ø–µ—Ä—å –≤–º–µ—Å—Ç–æ –≤—á–µ—Ä–∞—à–Ω–µ–≥–æ dm –≤ –≥–æ–ª–æ–≤–µ –∑–∞–∏–≥—Ä–∞–ª –ê–Ω—Ç–æ–Ω–æ–≤;–º–Ω–µ;—Å–¥–µ–ª–∞–π—Ç–µ;—Ä–∞–∑—Å–ª—ã—à–∞—Ç—å;–Ω–µ—Ç;–¥–∞;—Å–æ–≤.;—Ä–∞–∑-;–¥–∞
–°–¥–µ–ª–∞–π—Ç–µ –º–Ω–µ –Ω–µ —Ö–æ—Ç–µ—Ç—å —Å–ø–∞—Ç—å –ø–æ–∂–∞–ª—É–π—Å—Ç–∞;–º–Ω–µ;—Å–¥–µ–ª–∞–π—Ç–µ;—Ö–æ—Ç–µ—Ç—å —Å–ø–∞—Ç—å;–Ω–µ—Ç;–Ω–µ—Ç;–Ω–µ—Å–æ–≤.;–æ—Ç—Ä–∏—Ü–∞–Ω–∏–µ;–Ω–µ—Ç
–ò–Ω—Ç–µ—Ä–µ—Å–Ω—ã–π –∫–æ—Å—Ç—é–º –¥–ª—è –º–∞–ª—å—á–∏–∫–∞ –¥–ª—è –ø—Ä–æ—Ñ–µ—Å—Å–∏–æ–Ω–∞–ª—å–Ω–æ–≥–æ –º–∞–ª—å—á–∏–∫–∞. —Å–¥–µ–ª–∞–π—Ç–µ –º–Ω–µ —Ä–∞–∑–≤–∏–¥–µ—Ç—å —Ç–æ, —á—Ç–æ —è –ø—Ä–µ–¥—Å—Ç–∞–≤–∏–ª;–º–Ω–µ;—Å–¥–µ–ª–∞–π—Ç–µ;—Ä–∞–∑–≤–∏–¥–µ—Ç—å;–Ω–µ—Ç;–Ω–µ—Ç;—Å–æ–≤.;—Ä–∞–∑-;–¥–∞
—Å–¥–µ–ª–∞–π—Ç–µ –º–Ω–µ –≤–æ–ø–∏—Ç—å –ø–æ—Ç–∏—à–µ;–º–Ω–µ;—Å–¥–µ–ª–∞–π—Ç–µ;–≤–æ–ø–∏—Ç—å;–Ω–µ—Ç;–Ω–µ—Ç;–Ω–µ—Å–æ–≤.;–Ω–∏—á–µ–≥–æ;–Ω–µ—Ç
—á—Ç–æ –∑–∞ —Ö–µ—Ä–Ω—è —Å–ª—É—á–∏–ª–∞—Å—å —Å –¥–∏–∑–∞–π–Ω–æ–º? —Å–¥–µ–ª–∞–π—Ç–µ –º–Ω–µ —ç—Ç–æ —Ä–∞–∑–≤–∏–¥–µ—Ç—å;–º–Ω–µ;—Å–¥–µ–ª–∞–π—Ç–µ;—Ä–∞–∑–≤–∏–¥–µ—Ç—å;–Ω–µ—Ç;–Ω–µ—Ç;—Å–æ–≤.;—Ä–∞–∑-;–¥–∞
—Å–¥–µ–ª–∞–π—Ç–µ –º–Ω–µ –ø–æ—Å–ø–∞—Ç—å;–º–Ω–µ;—Å–¥–µ–ª–∞–π—Ç–µ;–ø–æ—Å–ø–∞—Ç—å;–Ω–µ—Ç;–Ω–µ—Ç;—Å–æ–≤.;–Ω–∏—á–µ–≥–æ;–Ω–µ—Ç
–ü–∏–∑–¥–µ—Ü. –°–¥–µ–ª–∞–π—Ç–µ –º–Ω–µ —Ä–∞–∑–≤–∏–¥–µ—Ç—å. –ß—Ç–æ –∑–∞ –Ω–∞—Ö—É–π? –ù–∏—á–µ–≥–æ —á–µ–ª–æ–≤–µ—á–Ω–æ–≥–æ –≤ –ª—é–¥—è—Ö –Ω–µ –æ—Å—Ç–∞–ª–æ—Å—å.;–º–Ω–µ;—Å–¥–µ–ª–∞–π—Ç–µ;—Ä–∞–∑–≤–∏–¥–µ—Ç—å;–Ω–µ—Ç;–Ω–µ—Ç;—Å–æ–≤.;—Ä–∞–∑-;–Ω–µ—Ç
–°–î–ï–õ–ê–ô–¢–ï –ú–ù–ï –†–ê–ó–í–ò–î–ï–¢–¨;–º–Ω–µ;—Å–¥–µ–ª–∞–π—Ç–µ;—Ä–∞–∑–≤–∏–¥–µ—Ç—å;–Ω–µ—Ç;–Ω–µ—Ç;—Å–æ–≤.;—Ä–∞–∑-;–Ω–µ—Ç
—Å–¥–µ–ª–∞–π—Ç–µ –º–Ω–µ –≤—ã—Å–ø–∞—Ç—å—Å—è –∏ –ø–æ–Ω—è—Ç—å —á—Ç–æ –ø—Ä–æ–∏—Å—Ö–æ–¥–∏—Ç –≤–æ–∫—Ä—É–≥ –ø—É—à—Ç–æ —è –Ω–µ –≤—ä–µ–∑–∂–∞—é;–º–Ω–µ;—Å–¥–µ–ª–∞–π—Ç–µ;–≤—ã—Å–ø–∞—Ç—å—Å—è;–Ω–µ—Ç;–Ω–µ—Ç;—Å–æ–≤.;–Ω–∏—á–µ–≥–æ;–Ω–µ—Ç
—Å–¥–µ–ª–∞–π—Ç–µ –º–Ω–µ –≤—ã—Å–ø–∞—Ç—å—Å—è –∏ –ø–æ–Ω—è—Ç—å —á—Ç–æ –ø—Ä–æ–∏—Å—Ö–æ–¥–∏—Ç –≤–æ–∫—Ä—É–≥ –ø—É—à—Ç–æ —è –Ω–µ –≤—ä–µ–∑–∂–∞—é;–º–Ω–µ;—Å–¥–µ–ª–∞–π—Ç–µ;–ø–æ–Ω—è—Ç—å;–Ω–µ—Ç;–Ω–µ—Ç;—Å–æ–≤.;–Ω–∏—á–µ–≥–æ;–Ω–µ—Ç
—Å–¥–µ–ª–∞–π—Ç–µ –º–Ω–µ —Ä–∞–∑–≤–∏–¥–µ—Ç—å —ç—Ç–æ;–º–Ω–µ;—Å–¥–µ–ª–∞–π—Ç–µ;—Ä–∞–∑–≤–∏–¥–µ—Ç—å;–Ω–µ—Ç;–Ω–µ—Ç;—Å–æ–≤.;—Ä–∞–∑-;–¥–∞
–ê–ê–ê–ê–ê–ê–ê–ê–ê–ê–ê–ê–ê–ê–ê–ê–ê–ê–ê–ê–ê–ê–ê–ê–ê–ê–ê–ê–ê–ê–ê–ê–ê–ê–ê–ê —Å–¥–µ–ª–∞–π—Ç–µ –º–Ω–µ —Ä–∞–∑–≤–∏–¥–µ—Ç—å —ç—Ç–æ;–º–Ω–µ;—Å–¥–µ–ª–∞–π—Ç–µ;—Ä–∞–∑–≤–∏–¥–µ—Ç—å;–Ω–µ—Ç;–Ω–µ—Ç;—Å–æ–≤.;—Ä–∞–∑-;–¥–∞
(—Å–¥–µ–ª–∞–π—Ç–µ –º–Ω–µ —ç—Ç–æ —Ä–∞–∑–≤–∏–¥–µ—Ç—å) (–∫—Ç–æ-–Ω–∏–±—É–¥—å) –≠—Ç–æ —Ö—É–∂–µ, —á–µ–º —Å–ª–µ—à–Ω–æ–µ —Ñ–∏–∫–ª–æ –ø–æ –Ω–∏–º.;–º–Ω–µ;—Å–¥–µ–ª–∞–π—Ç–µ;—Ä–∞–∑–≤–∏–¥–µ—Ç—å;–Ω–µ—Ç;–Ω–µ—Ç;—Å–æ–≤.;—Ä–∞–∑-;–¥–∞
–ø–æ–π–º–∞–ª–∞ —Å–µ–±—è –Ω–∞ –º—ã—Å–ª–∏, —á—Ç–æ –≤ —Å–ª–µ–¥—É—é—â–∏–π —Ä–∞–∑ –≥–æ—Ç–æ–≤–∞ –≥–Ω–∞—Ç—å –∑–∞ —Ç—É–ø–∞—Ä—è–º–∏ –≤–µ—Å—å –µ–≤—Ä–æ—Ç—É—Ä. —Å–¥–µ–ª–∞–π—Ç–µ –º–Ω–µ —Ä–∞–∑–¥—É–º–∞—Ç—å —ç—Ç—É –º—ã—Å–ª—å —Ç—Ç—Ç—Ç;–º–Ω–µ;—Å–¥–µ–ª–∞–π—Ç–µ;—Ä–∞–∑–¥—É–º–∞—Ç—å;–Ω–µ—Ç;–Ω–µ—Ç;—Å–æ–≤.;—Ä–∞–∑-;–¥–∞
–ö–æ–Ω–µ—á–Ω–æ, –Ω–µ—Ç. –°–¥–µ–ª–∞–π—Ç–µ –º–Ω–µ —Ä–∞–∑–≤–∏–¥–µ—Ç—å —ç—Ç–æ, –∏–Ω–∞—á–µ —è –±–æ–ª—å—à–µ –Ω–∏–∫–æ–≥–¥–∞ –Ω–µ –Ω–∞—Ü–µ–ø–ª—é –Ω–∞ —Å–µ–±—è Gear VR (–≤–ø—Ä–æ—á–µ–º, —è –∏ —Ç–∞–∫ –Ω–µ –ø–ª–∞–Ω–∏—Ä—É—é).;–º–Ω–µ;—Å–¥–µ–ª–∞–π—Ç–µ;—Ä–∞–∑–≤–∏–¥–µ—Ç—å;–Ω–µ—Ç;–Ω–µ—Ç;—Å–æ–≤.;—Ä–∞–∑-;–¥–∞
—Å–¥–µ–ª–∞–π—Ç–µ –º–Ω–µ —ç—Ç–æ —Ä–∞–∑–≤–∏–¥–µ—Ç—å üò£;–º–Ω–µ;—Å–¥–µ–ª–∞–π—Ç–µ;—Ä–∞–∑–≤–∏–¥–µ—Ç—å;–Ω–µ—Ç;–Ω–µ—Ç;—Å–æ–≤.;—Ä–∞–∑-;–¥–∞
–¢–µ–ª–∫–∞ —Å—Ç—Ä–µ–ª—è–µ—Ç –¥—Ä–æ—Ç–∏–∫–∞–º–∏ –∏–∑ –ø–∏–∑–¥—ã, —Å–º–æ—Ç—Ä–µ—Ç—å –±–µ—Å–ø–ª–∞—Ç–Ω–æ –±–µ–∑ —Å–º—Å –∏ —Ä–µ–≥–∏—Å—Ç—Ä–∞—Ü–∏–∏ –æ–Ω–ª–∞–π–Ω. –°–¥–µ–ª–∞–π—Ç–µ –º–Ω–µ —Ä–∞–∑–≤–µ—Ç–≤–∏—Ç—å —ç—Ç–æ.;–º–Ω–µ;—Å–¥–µ–ª–∞–π—Ç–µ;—Ä–∞–∑–≤–∏–¥–µ—Ç—å;–Ω–µ—Ç;–Ω–µ—Ç;—Å–æ–≤.;—Ä–∞–∑-;–¥–∞
#–õ–æ–≥–∞–Ω: —Å–¥–µ–ª–∞–π—Ç–µ –º–Ω–µ —Ä–∞–∑–≤–∏–¥–µ—Ç—å, –ø–æ–∂–∞–ª—É–π—Å—Ç–∞, –Ω–µ —Ö–æ—á—É —ç—Ç–æ–≥–æ –≤–∏–¥–µ—Ç—å –∏ –∑–Ω–∞—Ç—å. #toomuchpain;–º–Ω–µ;—Å–¥–µ–ª–∞–π—Ç–µ;—Ä–∞–∑–≤–∏–¥–µ—Ç—å;–Ω–µ—Ç;–Ω–µ—Ç;—Å–æ–≤.;—Ä–∞–∑-;–Ω–µ—Ç
–Å–±–∞–Ω–æ–µ –≥–æ–≤–Ω–æ, —Å–¥–µ–ª–∞–π—Ç–µ –º–Ω–µ —Ä–∞–∑–≤–∏–¥–µ—Ç—å;–º–Ω–µ;—Å–¥–µ–ª–∞–π—Ç–µ;—Ä–∞–∑–≤–∏–¥–µ—Ç—å;–Ω–µ—Ç;–Ω–µ—Ç;—Å–æ–≤.;—Ä–∞–∑-;–Ω–µ—Ç
—Å–¥–µ–ª–∞–π—Ç–µ –º–Ω–µ –Ω–µ –æ—Ä–∞—Ç—å;–º–Ω–µ;—Å–¥–µ–ª–∞–π—Ç–µ;–æ—Ä–∞—Ç—å;–Ω–µ—Ç;–Ω–µ—Ç;–Ω–µ—Å–æ–≤.;–Ω–∏—á–µ–≥–æ;–Ω–µ—Ç
–°–î–ï–õ–ê–ô–¢–ï –ú–ù–ï –ù–ï –ì–û–†–ï–¢–¨;–º–Ω–µ;—Å–¥–µ–ª–∞–π—Ç–µ;–≥–æ—Ä–µ—Ç—å;–Ω–µ—Ç;–Ω–µ—Ç;–Ω–µ—Å–æ–≤.;–æ—Ç—Ä–∏—Ü–∞–Ω–∏–µ;–Ω–µ—Ç
—Å–¥–µ–ª–∞–π—Ç–µ –º–Ω–µ —ç—Ç–æ —Ä–∞–∑–≤–∏–¥–µ—Ç—å!)))))));–º–Ω–µ;—Å–¥–µ–ª–∞–π—Ç–µ;—Ä–∞–∑–≤–∏–¥–µ—Ç—å;–Ω–µ—Ç;–Ω–µ—Ç;—Å–æ–≤.;—Ä–∞–∑-;–¥–∞
—Å–¥–µ–ª–∞–π—Ç–µ –º–Ω–µ —Ä–∞–∑–≤–∏–¥–µ—Ç—å —ç—Ç–æ..;–º–Ω–µ;—Å–¥–µ–ª–∞–π—Ç–µ;—Ä–∞–∑–≤–∏–¥–µ—Ç—å;–Ω–µ—Ç;–Ω–µ—Ç;—Å–æ–≤.;—Ä–∞–∑-;–¥–∞
—Å–¥–µ–ª–∞–π—Ç–µ –º–Ω–µ –Ω–µ —É–º–∏—Ä–∞—Ç—å –ø–æ–∂–∞–ª—É–π—Å—Ç–∞ —è –∂–µ —Ç–æ–ª—å–∫–æ –¥–æ–º–æ–π –ø—Ä–∏–µ—Ö–∞–ª–∞;–º–Ω–µ;—Å–¥–µ–ª–∞–π—Ç–µ;—É–º–∏—Ä–∞—Ç—å;–Ω–µ—Ç;–Ω–µ—Ç;–Ω–µ—Å–æ–≤.;–æ—Ç—Ä–∏—Ü–∞–Ω–∏–µ;–Ω–µ—Ç
–°–¥–µ–ª–∞–π—Ç–µ –º–Ω–µ –Ω–µ –ø–ª–∞–∫–∞—Ç—å, –ø–æ–∂–∞–ª—É–π—Å—Ç–∞;–º–Ω–µ;—Å–¥–µ–ª–∞–π—Ç–µ;–ø–ª–∞–∫–∞—Ç—å;–Ω–µ—Ç;–Ω–µ—Ç;–Ω–µ—Å–æ–≤.;–æ—Ç—Ä–∏—Ü–∞–Ω–∏–µ;–Ω–µ—Ç
–°–¥–µ–ª–∞–π—Ç–µ –º–Ω–µ –ø–µ—Ä–µ—Å—Ç–∞—Ç—å –≥—Ä—É—Å—Ç–∏—Ç—å;–º–Ω–µ;—Å–¥–µ–ª–∞–π—Ç–µ;–≥—Ä—É—Å—Ç–∏—Ç—å;–Ω–µ—Ç;–Ω–µ—Ç;–Ω–µ—Å–æ–≤.;–Ω–∏—á–µ–≥–æ;–Ω–µ—Ç
–°–¥–µ–ª–∞–π—Ç–µ –º–µ–Ω—è —Ä–∞–∑–Ω—é—Ö–∞—Ç—å —ç—Ç–æ;–º–µ–Ω—è;—Å–¥–µ–ª–∞–π—Ç–µ;—Ä–∞–∑–Ω—é—Ö–∞—Ç—å;–Ω–µ—Ç;–Ω–µ—Ç;—Å–æ–≤.;—Ä–∞–∑-;–¥–∞
'–ø—Ä–ò–∑—Ä–µ–Ω–∏–µ' –°–¥–µ–ª–∞–π—Ç–µ –º–µ–Ω—è —Ä–∞–∑–≤–∏–¥–µ—Ç—å —ç—Ç–æ?! –ö—Ä–æ–≤—å –∏–∑ –≥–ª–∞–∑ –ø–æ—à–ª–∞;–º–µ–Ω—è;—Å–¥–µ–ª–∞–π—Ç–µ;—Ä–∞–∑–≤–∏–¥–µ—Ç—å;–Ω–µ—Ç;–Ω–µ—Ç;—Å–æ–≤.;—Ä–∞–∑-;–¥–∞
–°–î–ï–õ–ê–ô–¢–ï –ú–ï–ù–Ø –ü–†–ï–ö–†–ê–¢–ò–¢–¨ –®–£–¢–ò–¢–¨;–º–µ–Ω—è;—Å–¥–µ–ª–∞–π—Ç–µ;—à—É—Ç–∏—Ç—å;–Ω–µ—Ç;–Ω–µ—Ç;–Ω–µ—Å–æ–≤.;–Ω–∏—á–µ–≥–æ;–Ω–µ—Ç
–°–¥–µ–ª–∞–π—Ç–µ –º–µ–Ω—è —ç—Ç–æ —Ä–∞–∑–≤–∏–¥–µ—Ç—å (;–º–µ–Ω—è;—Å–¥–µ–ª–∞–π—Ç–µ;—Ä–∞–∑–≤–∏–¥–µ—Ç—å;–Ω–µ—Ç;–Ω–µ—Ç;—Å–æ–≤.;—Ä–∞–∑-;–¥–∞
–ü–æ–∂–∞–ª—É–π—Å—Ç–∞, —Å–¥–µ–ª–∞–π—Ç–µ –º–µ–Ω—è —ç—Ç–æ —Ä–∞–∑–≤–∏–¥–µ—Ç—å!!!;–º–µ–Ω—è;—Å–¥–µ–ª–∞–π—Ç–µ;—Ä–∞–∑–≤–∏–¥–µ—Ç—å;–Ω–µ—Ç;–Ω–µ—Ç;—Å–æ–≤.;—Ä–∞–∑-;–¥–∞
–°–¥–µ–ª–∞–π—Ç–µ –º–µ–Ω—è —Ä–∞–∑–≤–∏–¥–µ—Ç—å —ç—Ç–æ—Ç —Ç—É–ø–∏–∑–º, –∏–¥–∏–æ—Ç–∏–∑–º –∏ –≤—Å—è–∫–æ–µ —Ç–∞–∫–æ–µ –∏–∑–º!;–º–µ–Ω—è;—Å–¥–µ–ª–∞–π—Ç–µ;—Ä–∞–∑–≤–∏–¥–µ—Ç—å;–Ω–µ—Ç;–Ω–µ—Ç;—Å–æ–≤.;—Ä–∞–∑-;–¥–∞
—Å–¥–µ–ª–∞–π—Ç–µ –º–µ–Ω—è —Å–ø–∞—Ç—å;–º–µ–Ω—è;—Å–¥–µ–ª–∞–π—Ç–µ;—Å–ø–∞—Ç—å;–Ω–µ—Ç;–Ω–µ—Ç;–Ω–µ—Å–æ–≤.;–Ω–∏—á–µ–≥–æ;–Ω–µ—Ç
—Å–¥–µ–ª–∞–π—Ç–µ –º–µ–Ω—è –ø—Ä–µ–∫—Ä–∞—Ç–∏—Ç—å —É–º–∏—Ä–∞—Ç—å –û–†–ò–†–£–Æ-–ú–£–†–ò–†–£–Æ –ú–û–ô –ü–ò–†–û–ñ–û–ß–ï–ö;–º–µ–Ω—è;—Å–¥–µ–ª–∞–π—Ç–µ;—É–º–∏—Ä–∞—Ç—å;–Ω–µ—Ç;–Ω–µ—Ç;–Ω–µ—Å–æ–≤.;–Ω–∏—á–µ–≥–æ;–Ω–µ—Ç
—Å–¥–µ–ª–∞–π—Ç–µ –º–µ–Ω—è –Ω–µ –¥—É–º–∞—Ç—å –æ —Ç–æ–º, —á—Ç–æ –Ω–∏—á–µ–≥–æ —Å—Ç—Ä–∞—à–Ω–æ–≥–æ –Ω–µ –ø—Ä–æ–∏–∑–æ–π–¥–µ—Ç, –µ—Å–ª–∏ —è —É–º—Ä—É;–º–µ–Ω—è;—Å–¥–µ–ª–∞–π—Ç–µ;–¥—É–º–∞—Ç—å;–Ω–µ—Ç;–¥–∞;–Ω–µ—Å–æ–≤.;–æ—Ç—Ä–∏—Ü–∞–Ω–∏–µ;–Ω–µ—Ç
–°–¥–µ–ª–∞–π—Ç–µ –º–µ–Ω—è —Ä–∞–∑–≤–∏–¥–µ—Ç—å —ç—Ç–æ... —Ç—ã –∂–µ –≤—Ä–æ–¥–µ —Å –¥–µ—Ç—å–º–∏ –∏ –∂–µ–Ω–æ–π, —á—É—Ç—å –ª–∏ –Ω–µ –µ–¥–∏–Ω—Å—Ç–≤–µ–Ω–Ω–∞—è –Ω–∞–¥–µ–∂–¥–∞ —Ç–≤–∏—Ç—Ç–µ—Ä–∞...;–º–µ–Ω—è;—Å–¥–µ–ª–∞–π—Ç–µ;—Ä–∞–∑–≤–∏–¥–µ—Ç—å;–Ω–µ—Ç;–Ω–µ—Ç;—Å–æ–≤.;—Ä–∞–∑-;–¥–∞
–°–¥–µ–ª–∞–π—Ç–µ –º–µ–Ω—è —Ä–∞–∑–≤–∏–¥–µ—Ç—å, —è –µ—â—ë –º–æ–ª–æ–¥, –º–Ω–µ –Ω—É–∂–Ω–æ –¥–µ—Ç–µ–π –¥–µ–ª–∞—Ç—å;–º–µ–Ω—è;—Å–¥–µ–ª–∞–π—Ç–µ;—Ä–∞–∑–≤–∏–¥–µ—Ç—å;–Ω–µ—Ç;–Ω–µ—Ç;—Å–æ–≤.;—Ä–∞–∑-;–Ω–µ—Ç
—Å–µ–π—á–∞—Å —è –≤–∏–∂—É —Ç–µ–∫—Ç–æ–Ω–∏–∫. —Å–¥–µ–ª–∞–π—Ç–µ –º–µ–Ω—è —Ä–∞–∑–≤–∏–¥–µ—Ç—å —ç—Ç–æ;–º–µ–Ω—è;—Å–¥–µ–ª–∞–π—Ç–µ;—Ä–∞–∑–≤–∏–¥–µ—Ç—å;–Ω–µ—Ç;–Ω–µ—Ç;—Å–æ–≤.;—Ä–∞–∑-;–¥–∞
—Å–¥–µ–ª–∞–π—Ç–µ –º–µ–Ω—è —Ä–∞–∑–≤–∏–¥–µ—Ç—å;–º–µ–Ω—è;—Å–¥–µ–ª–∞–π—Ç–µ;—Ä–∞–∑–≤–∏–¥–µ—Ç—å;–Ω–µ—Ç;–Ω–µ—Ç;—Å–æ–≤.;—Ä–∞–∑-;–Ω–µ—Ç
—Å–¥–µ–ª–∞–π—Ç–µ –º–µ–Ω—è —Å–æ–±—Ä–∞—Ç—å—Å—è –Ω–∞ –ø–∞—Ä—ã;–º–µ–Ω—è;—Å–¥–µ–ª–∞–π—Ç–µ;—Å–æ–±—Ä–∞—Ç—å—Å—è;–Ω–µ—Ç;–Ω–µ—Ç;—Å–æ–≤.;–Ω–∏—á–µ–≥–æ;–Ω–µ—Ç
—Å–¥–µ–ª–∞–π—Ç–µ –º–µ–Ω—è —Ä–∏—Å–æ–≤–∞—Ç—å;–º–µ–Ω—è;—Å–¥–µ–ª–∞–π—Ç–µ;—Ä–∏—Å–æ–≤–∞—Ç—å;–Ω–µ—Ç;–¥–∞;–Ω–µ—Å–æ–≤.;–Ω–∏—á–µ–≥–æ;–Ω–µ—Ç
–°–¥–µ–ª–∞–π—Ç–µ –º–µ–Ω—è —Ä–∞–∑–≤–∏–¥–µ—Ç—å —ç—Ç–∏ –±–µ—Å–ø–∏–ª–æ—Ç–Ω—ã–µ –ª–µ—Ç–∞—Ç–µ–ª—å–Ω—ã–µ –∞–ø–ø–∞—Ä–∞—Ç—ã;–º–µ–Ω—è;—Å–¥–µ–ª–∞–π—Ç–µ;—Ä–∞–∑–≤–∏–¥–µ—Ç—å;–Ω–µ—Ç;–Ω–µ—Ç;—Å–æ–≤.;—Ä–∞–∑-;–¥–∞
–ë–õ–Ø –°–î–ï–õ–ê–ô–¢–ï –ú–ï–ù–Ø –ü–ï–†–ï–°–¢–ê–¢–¨ –û–†–ê–¢–¨;–º–µ–Ω—è;—Å–¥–µ–ª–∞–π—Ç–µ;–æ—Ä–∞—Ç—å;–Ω–µ—Ç;–Ω–µ—Ç;–Ω–µ—Å–æ–≤.;–Ω–∏—á–µ–≥–æ;–Ω–µ—Ç
–ì–æ–≥–æ–ª—å. –ù–∞—á–∞–ª–æ (—Å–¥–µ–ª–∞–π—Ç–µ –º–µ–Ω—è —ç—Ç–æ –∑–∞–±—ã—Ç—å);–º–µ–Ω—è;—Å–¥–µ–ª–∞–π—Ç–µ;–∑–∞–±—ã—Ç—å;–Ω–µ—Ç;–Ω–µ—Ç;–Ω–µ—Å–æ–≤.;–Ω–∏—á–µ–≥–æ;–¥–∞
–•–∞–∫—É—Ö–µ–π. –°–¥–µ–ª–∞–π—Ç–µ –º–µ–Ω—è —ç—Ç–æ —Ä–∞–∑–≤–∏–¥–µ—Ç—å. –ù–µ–ª—å–∑—è –∑–∞ –Ω–µ–∏–º–µ–Ω–∏–µ–º –¥–∞–Ω—ã—Ö –æ –•–∞–∫—É–±–µ —Ç–∞–∫ –≤—Å—ë –∏–∑–≤—Ä–∞—â–∞—Ç—å.;–º–µ–Ω—è;—Å–¥–µ–ª–∞–π—Ç–µ;—Ä–∞–∑–≤–∏–¥–µ—Ç—å;–Ω–µ—Ç;–Ω–µ—Ç;—Å–æ–≤.;—Ä–∞–∑-;–¥–∞
–ª—è —Ä–µ–±—è—Ç —Å–¥–µ–ª–∞–π—Ç–µ –º–µ–Ω—è –Ω–µ –ø–∏—Ç—å –±–æ–ª—å—à–µ;–º–µ–Ω—è;—Å–¥–µ–ª–∞–π—Ç–µ;–ø–∏—Ç—å;–Ω–µ—Ç;–Ω–µ—Ç;–Ω–µ—Å–æ–≤.;–æ—Ç—Ä–∏—Ü–∞–Ω–∏–µ;–Ω–µ—Ç
–°–¥–µ–ª–∞–π—Ç–µ –º–µ–Ω—è –Ω–µ —É—á–∏—Ç—å.;–º–µ–Ω—è;—Å–¥–µ–ª–∞–π—Ç–µ;—É—á–∏—Ç—å;–Ω–µ—Ç;–¥–∞;–Ω–µ—Å–æ–≤.;–æ—Ç—Ä–∏—Ü–∞–Ω–∏–µ;–Ω–µ—Ç
–ß—É–≤—Å—Ç–≤—É—é —Å–µ–±—è —Å—Ç–∞—Ä–∏–∫–æ–º. –£—Å–ª—ã—à–∞–ª, —á—Ç–æ —Å–ª—É—à–∞–µ—Ç –Ω—ã–Ω—á–µ –º–æ–ª–æ–¥—ë–∂—å. –°–¥–µ–ª–∞–π—Ç–µ –º–µ–Ω—è –∑–∞–±—ã—Ç—å —ç—Ç–æ;–º–µ–Ω—è;—Å–¥–µ–ª–∞–π—Ç–µ;–∑–∞–±—ã—Ç—å;–Ω–µ—Ç;–Ω–µ—Ç;–Ω–µ—Å–æ–≤.;–Ω–∏—á–µ–≥–æ;–¥–∞
—Å–¥–µ–ª–∞–π—Ç–µ –º–µ–Ω—è –Ω–µ –æ—Ä–∞—Ç—å;–º–µ–Ω—è;—Å–¥–µ–ª–∞–π—Ç–µ;–æ—Ä–∞—Ç—å;–Ω–µ—Ç;–Ω–µ—Ç;–Ω–µ—Å–æ–≤.;–æ—Ç—Ä–∏—Ü–∞–Ω–∏–µ;–Ω–µ—Ç
–ø–æ–Ω–∏–º–∞—é —á—Ç–æ –µ—Å–ª–∏ –Ω–∞—á–Ω—É –Ω–∞–¥ —ç—Ç–∏–º –¥—É–º–∞—Ç—å —Ç–æ –¥–æ–¥—É–º–∞—é—Å—å –¥–æ —á–µ–≥–æ-—Ç–æ –æ—á–µ–Ω—å –Ω–µ—Ö–æ—Ä–æ—à–µ–≥–æ –¥–æ –µ—â–µ –æ–¥–Ω–æ–≥–æ —á–µ—Ä–Ω–æ–≤–∏–∫–∞ –Ω–∞–ø—Ä–∏–º–µ—Ä —Å–¥–µ–ª–∞–π—Ç–µ –º–µ–Ω—è –Ω–µ –ø–∏—Å–∞—Ç—å —ç—Ç–æ;–º–µ–Ω—è;—Å–¥–µ–ª–∞–π—Ç–µ;–ø–∏—Å–∞—Ç—å;–Ω–µ—Ç;–¥–∞;–Ω–µ—Å–æ–≤.;–æ—Ç—Ä–∏—Ü–∞–Ω–∏–µ;–¥–∞
–°–¥–µ–ª–∞–π—Ç–µ –º–µ–Ω—è –ø–µ—Ä–µ—Å—Ç–∞—Ç—å –∑–∞–ª–∏–ø–∞—Ç—å –Ω–∞ —Ñ–∞–Ω–∫–∞–º—ã —Å –¢—ç –∏ –ø–æ–π—Ç–∏ —Å–ø–∞—Ç—å;–º–µ–Ω—è;—Å–¥–µ–ª–∞–π—Ç–µ;–∑–∞–ª–∏–ø–∞—Ç—å;–Ω–µ—Ç;–Ω–µ—Ç;–Ω–µ—Å–æ–≤.;–Ω–∏—á–µ–≥–æ;–Ω–µ—Ç
–Ø —É–≤–∏–¥–µ–ª –î–æ–º–∏–Ω–æ –∏–∑ –Ω–æ–≤–æ–≥–æ –î–µ–¥–ø—É–ª–∞. –°–¥–µ–ª–∞–π—Ç–µ –º–µ–Ω—è —Ä–∞–∑–≤–∏–¥–µ—Ç—å;–º–µ–Ω—è;—Å–¥–µ–ª–∞–π—Ç–µ;—Ä–∞–∑–≤–∏–¥–µ—Ç—å;–Ω–µ—Ç;–Ω–µ—Ç;—Å–æ–≤.;—Ä–∞–∑-;–Ω–µ—Ç
–ö–æ–≥–¥–∞-—Ç–æ, –∫–æ–≥–¥–∞ —è —É—á–∏–ª—Å—è –≤ —É–Ω–∏–≤–µ—Ä–µ, –±—ã–ª–æ –≤ —Ö–æ–¥—É —É—Å—Ç–æ–π—á–∏–≤–æ–µ –≤—ã—Ä–∞–∂–µ–Ω–∏–µ: –°–¥–µ–ª–∞–π—Ç–µ –º–µ–Ω—è —Ä–∞–∑–≤–∏–¥–µ—Ç—å —ç—Ç–æ –æ–±—Ä–∞—Ç–Ω–æ!. –ñ–∞–ª—å, —á—Ç–æ —Å–µ–π—á–∞—Å –æ–Ω–æ –Ω–µ –≤ –º–æ–¥–µ;–º–µ–Ω—è;—Å–¥–µ–ª–∞–π—Ç–µ;—Ä–∞–∑–≤–∏–¥–µ—Ç—å;–µ—Å—Ç—å;–Ω–µ—Ç;—Å–æ–≤.;—Ä–∞–∑-;–¥–∞
–†–µ–¥–∂–∏–Ω–∞ –º–∞—á–µ—Ö–∞ –ë–µ–ª–æ—Å–Ω–µ–∂–∫–∏ –ë–µ–ª–æ—Å–Ω–µ–∂–∫–∞ –º–∞—Ç—å –≠–º–º—ã –≠–º–º–∞ –º–∞—Ç—å –ì–µ–Ω—Ä–∏ –†–µ–¥–∂–∏–Ω–∞ –ø—Ä–∞–±–∞–±—É—à–∫–∞ –ì–µ–Ω—Ä–∏ –°–¥–µ–ª–∞–π—Ç–µ –º–µ–Ω—è —ç—Ç–æ –∑–∞–±—ã—Ç—å;–º–µ–Ω—è;—Å–¥–µ–ª–∞–π—Ç–µ;–∑–∞–±—ã—Ç—å;–Ω–µ—Ç;–Ω–µ—Ç;–Ω–µ—Å–æ–≤.;–Ω–∏—á–µ–≥–æ;–¥–∞
–°–î–ï–õ–ê–ô–¢–ï –ú–ï–ù–Ø –†–ê–ó–í–ò–ò–ò–ò–ò–î–ï–¢–¨;–º–µ–Ω—è;—Å–¥–µ–ª–∞–π—Ç–µ;—Ä–∞–∑–≤–∏–¥–µ—Ç—å;–Ω–µ—Ç;–Ω–µ—Ç;—Å–æ–≤.;—Ä–∞–∑-;–Ω–µ—Ç
—Å–¥–µ–ª–∞–π—Ç–µ –º–µ–Ω—è –ø–µ—Ä–µ—Å—Ç–∞—Ç—å –ø–∏—Å–∞—Ç—å –æ–± —ç—Ç–æ–º.;–º–µ–Ω—è;—Å–¥–µ–ª–∞–π—Ç–µ;–ø–∏—Å–∞—Ç—å;–Ω–µ—Ç;–¥–∞;–Ω–µ—Å–æ–≤.;–Ω–∏—á–µ–≥–æ;–Ω–µ—Ç
Your own personal kitty. Reach out and touch paw. Aww —Å–¥–µ–ª–∞–π—Ç–µ –º–µ–Ω—è –ø–µ—Ä–µ—Å—Ç–∞—Ç—å —Ö');–º–µ–Ω—è;—Å–¥–µ–ª–∞–π—Ç–µ;–ø–µ—Ä–µ—Å—Ç–∞—Ç—å;–Ω–µ—Ç;–Ω–µ—Ç;—Å–æ–≤.;–Ω–∏—á–µ–≥–æ;–Ω–µ—Ç
–ò –≤–µ—Å—å –¥–µ–Ω—å —Ö–æ–∂—É —Å –ª–∏—Ü–æ–º –°–¥–µ–ª–∞–π—Ç–µ –º–µ–Ω—è —Ä–∞–∑–≤–∏–¥–µ—Ç—å —ç—Ç–æ;–º–µ–Ω—è;—Å–¥–µ–ª–∞–π—Ç–µ;—Ä–∞–∑–≤–∏–¥–µ—Ç—å;–Ω–µ—Ç;–Ω–µ—Ç;—Å–æ–≤.;—Ä–∞–∑-;–¥–∞
–°–¥–µ–ª–∞–π—Ç–µ –º–µ–Ω—è –ø–µ—Ä–µ—Å—Ç–∞—Ç—å –ø–æ–∫—É–ø–∞—Ç—å –∫–Ω–∏–≥–∏. –í—Å—ë —Ä–∞–≤–Ω–æ –≥–æ–¥–∞–º–∏ —Ä—É–∫–∏ –Ω–µ –¥–æ—Ö–æ–¥—è—Ç.;–º–µ–Ω—è;—Å–¥–µ–ª–∞–π—Ç–µ;–ø–æ–∫—É–ø–∞—Ç—å;–Ω–µ—Ç;–Ω–µ—Ç;–Ω–µ—Å–æ–≤.;–Ω–∏—á–µ–≥–æ;–¥–∞
–°–¥–µ–ª–∞–π—Ç–µ –º–µ–Ω—è –ø—Ä–æ—Ç—Ä–µ–∑–≤–µ—Ç—å —Ö–æ—Ç—å –Ω–µ–º–Ω–æ–≥–æ;–º–µ–Ω—è;—Å–¥–µ–ª–∞–π—Ç–µ;–ø—Ä–æ—Ç—Ä–µ–∑–≤–µ—Ç—å;–Ω–µ—Ç;–Ω–µ—Ç;—Å–æ–≤.;–Ω–∏—á–µ–≥–æ;–Ω–µ—Ç
–£ —Å–µ—Å—Ç—Ä—ã –≤ –±–∞—Ä–¥–∞—á–∫–µ –º–∞—à–∏–Ω—ã —É–≤–∏–¥–µ–ª–∞ –≤–∏–±—Ä–∞—Ç–æ—Ä. –°–¥–µ–ª–∞–π—Ç–µ –º–µ–Ω—è —Ä–∞–∑–≤–∏–¥–µ—Ç—å;–º–µ–Ω—è;—Å–¥–µ–ª–∞–π—Ç–µ;—Ä–∞–∑–≤–∏–¥–µ—Ç—å;–Ω–µ—Ç;–Ω–µ—Ç;—Å–æ–≤.;—Ä–∞–∑-;–Ω–µ—Ç
–°–¥–µ–ª–∞–π—Ç–µ –º–µ–Ω—è —Ä–∞–∑–≤–∏–¥–µ—Ç—å —ç—Ç–æ.;–º–µ–Ω—è;—Å–¥–µ–ª–∞–π—Ç–µ;—Ä–∞–∑–≤–∏–¥–µ—Ç—å;–Ω–µ—Ç;–Ω–µ—Ç;—Å–æ–≤.;—Ä–∞–∑-;–¥–∞
–°–µ–ª–µ–Ω–∏–∫... —Å–¥–µ–ª–∞–π—Ç–µ –º–µ–Ω—è —ç—Ç–æ —Ä–∞–∑–≤–∏–¥–µ—Ç—å –∏ –∑–∞–±—ã—Ç—å, –ø–æ–∂–∞–ª—É–π—Å—Ç–∞.;–º–µ–Ω—è;—Å–¥–µ–ª–∞–π—Ç–µ;—Ä–∞–∑–≤–∏–¥–µ—Ç—å;–Ω–µ—Ç;–Ω–µ—Ç;—Å–æ–≤.;—Ä–∞–∑-;–¥–∞
Issa Lish –Ω–æ—Ä–º –∞ –æ—Å—Ç–∞–ª—å–Ω—ã–µ —Å–¥–µ–ª–∞–π—Ç–µ –º–µ–Ω—è —ç—Ç–æ —Ä–∞–∑–≤–∏–¥–∏—Ç—å;–º–µ–Ω—è;—Å–¥–µ–ª–∞–π—Ç–µ;—Ä–∞–∑–≤–∏–¥–µ—Ç—å;–Ω–µ—Ç;–Ω–µ—Ç;—Å–æ–≤.;—Ä–∞–∑-;–¥–∞
–°–¥–µ–ª–∞–π—Ç–µ –º–µ–Ω—è –ø–µ—Ä–µ—Å—Ç–∞—Ç—å —Ä–∏—Å–æ–≤–∞—Ç—å –º—É—Å–∫—É–ª–∏—Å—Ç—ã—Ö –∂–µ–Ω—â–∏–Ω, –ø–ª–∑;–º–µ–Ω—è;—Å–¥–µ–ª–∞–π—Ç–µ;—Ä–∏—Å–æ–≤–∞—Ç—å;–Ω–µ—Ç;–¥–∞;–Ω–µ—Å–æ–≤.;–Ω–∏—á–µ–≥–æ;–¥–∞
–ô–æ—Ä—Ö–∞ 2–ë, —Å–¥–µ–ª–∞–π—Ç–µ –º–µ–Ω—è —Ä–∞–∑–≤–∏–¥–µ—Ç—å —ç—Ç–æ;–º–µ–Ω—è;—Å–¥–µ–ª–∞–π—Ç–µ;—Ä–∞–∑–≤–∏–¥–µ—Ç—å;–Ω–µ—Ç;–Ω–µ—Ç;—Å–æ–≤.;—Ä–∞–∑-;–¥–∞
–ë–õ–Ø–¢–¨ –°–î–ï–õ–ê–ô–¢–ï –ú–ï–ù–Ø –†–ê–ó–í–ò–î–ï–¢–¨ –≠–¢–û –ê–ê–ê–ê–ê–ê–ê –ï–ë–ê–¢–¨ –ü–ò–ó–î–ï–¶ –ù–ê–•–£–ô;–º–µ–Ω—è;—Å–¥–µ–ª–∞–π—Ç–µ;—Ä–∞–∑–≤–∏–¥–µ—Ç—å;–Ω–µ—Ç;–Ω–µ—Ç;—Å–æ–≤.;—Ä–∞–∑-;–¥–∞
–ö–æ—à–º–∞—Ä, –∫–∞–∫ –∂–µ —É–±–æ–≥–æ —Å–¥–µ–ª–∞–ª–∏ –æ–±—ä—è–≤–ª–µ–Ω–∏—è –Ω–∞ –∞–Ω–≥–ª–∏–π—Å–∫–æ–º –≤ —Ç—Ä–∞–º–≤–∞—è—Ö, –ø—Ä–æ—Å—Ç–æ —Å–¥–µ–ª–∞–π—Ç–µ –º–µ–Ω—è —ç—Ç–æ —Ä–∞—Å—Å–ª—ã—à–∞—Ç—å;–º–µ–Ω—è;—Å–¥–µ–ª–∞–π—Ç–µ;—Ä–∞—Å—Å–ª—ã—à–∞—Ç—å;–Ω–µ—Ç;–¥–∞;—Å–æ–≤.;—Ä–∞–∑-;–¥–∞
–ú–Ω–æ–≥–∏–µ –ø–∏—à—É—Ç –ø—Ä–æ –∫—Ä—É–≥–ª—ã–π —é–ø. –ú–µ–Ω—è –±–æ–ª—å—à–µ –≤—Å–µ–≥–æ –∫–æ—Ä–æ–±–∏—Ç —ç—Ç–æ—Ç —à—Ä–∏—Ñ—Ç. –°–î–ï–õ–ê–ô–¢–ï –ú–ï–ù–Ø –†–ê–ó–í–ò–î–ï–¢–¨ –≠–¢–û.;–º–µ–Ω—è;—Å–¥–µ–ª–∞–π—Ç–µ;—Ä–∞–∑–≤–∏–¥–µ—Ç—å;–Ω–µ—Ç;–Ω–µ—Ç;—Å–æ–≤.;—Ä–∞–∑-;–¥–∞
–°–¥–µ–ª–∞–π—Ç–µ –º–µ–Ω—è —Ä–∞–∑–≤–∏–¥–µ—Ç—å —ç—Ç–æ, –æ –±–æ–≥–∏, –º–æ–ª—é...;–º–µ–Ω—è;—Å–¥–µ–ª–∞–π—Ç–µ;—Ä–∞–∑–≤–∏–¥–µ—Ç—å;–Ω–µ—Ç;–Ω–µ—Ç;—Å–æ–≤.;—Ä–∞–∑-;–¥–∞
–ø—Ä–æ—Å—Ç–∏—Ç–µ –Ω–æ –°–î–ï–õ–ê–ô–¢–ï –ú–ï–ù–Ø –ü–ï–†–ï–°–¢–ê–¢–¨ –î–†–û–ß–ò–¢–¨ –ù–ê –≠–¢–û –ù–ê –≠–¢–ò –î–û–õ–ë–ê–ù–ù–´–ï –°–ê–ü–û–ì–ò –ü–û–ñ–ê–õ–£–ô–°–¢–ê;–º–µ–Ω—è;—Å–¥–µ–ª–∞–π—Ç–µ;–¥—Ä–æ—á–∏—Ç—å;–Ω–µ—Ç;–Ω–µ—Ç;–Ω–µ—Å–æ–≤.;–Ω–∏—á–µ–≥–æ;–Ω–µ—Ç
–ò –ø–æ–ª–∏—Ü–µ–π—Å–∫–∏–π —Å –≥–æ–ª–æ—Å–æ–º –ï–ª—å—Ü–∏–Ω–∞. –°–¥–µ–ª–∞–π—Ç–µ –º–µ–Ω—è —Ä–∞–∑–≤–∏–¥–µ—Ç—å —ç—Ç–æ.;–º–µ–Ω—è;—Å–¥–µ–ª–∞–π—Ç–µ;—Ä–∞–∑–≤–∏–¥–µ—Ç—å;–Ω–µ—Ç;–Ω–µ—Ç;—Å–æ–≤.;—Ä–∞–∑-;–¥–∞
—ë–±–∞–Ω—ã–π –∫–∞—Ä–∞—Å—å —Å–¥–µ–ª–∞–π—Ç–µ –º–µ–Ω—è —ç—Ç–æ —Ä–∞–∑–≤–∏–¥–µ—Ç—å;–º–µ–Ω—è;—Å–¥–µ–ª–∞–π—Ç–µ;—Ä–∞–∑–≤–∏–¥–µ—Ç—å;–Ω–µ—Ç;–Ω–µ—Ç;—Å–æ–≤.;—Ä–∞–∑-;–¥–∞
–°–î–ï–õ–ê–ô–¢–ï –ú–ï–ù–Ø –ü–ï–†–ï–ü–ï–ß–ê–¢–ê–¢–¨ –¢–ï 5 –°–¢–†–ê–ù–ò–¶ –ê–ê–ê–ê;–º–µ–Ω—è;—Å–¥–µ–ª–∞–π—Ç–µ;–ø–µ—Ä–µ–ø–µ—á–∞—Ç–∞—Ç—å;–Ω–µ—Ç;–Ω–µ—Ç;—Å–æ–≤.;–Ω–∏—á–µ–≥–æ;–¥–∞
—Å–¥–µ–ª–∞–π—Ç–µ –º–µ–Ω—è –æ–±—Ä–∞—Ç–Ω–æ —Ä–æ–¥–∏—Ç—å—Å—è —Å —ç—Ç–æ–π –ø–ª–∞–Ω–µ—Ç—ã;–º–µ–Ω—è;—Å–¥–µ–ª–∞–π—Ç–µ;—Ä–æ–¥–∏—Ç—å—Å—è;–µ—Å—Ç—å;–¥–∞;–Ω–µ—Å–æ–≤.;–Ω–∏—á–µ–≥–æ;–Ω–µ—Ç
–°–¥–µ–ª–∞–π—Ç–µ –º–µ–Ω—è –æ–±—Ä–∞—Ç–Ω–æ —Å–ø–∞—Ç—å. –ù–µ —Ö–æ—á—É –Ω–∏–∫—É–¥–∞ –µ—Ö–∞—Ç—å.;–º–µ–Ω—è;—Å–¥–µ–ª–∞–π—Ç–µ;—Å–ø–∞—Ç—å;–µ—Å—Ç—å;–Ω–µ—Ç;–Ω–µ—Å–æ–≤.;–Ω–∏—á–µ–≥–æ;–Ω–µ—Ç
–ù–∞—à–µ–ª –≤–∏–¥–æ—Å —Å 'H - –≤–æ–¥–æ—Ä–æ–¥, –û - –∫–∏—Å–ª–æ—Ä–æ–¥...' –∏ —Å–∏–∂—É –∫–µ–∫–∞—é —É–∂–µ –º–∏–Ω—É—Ç 10. –°–¥–µ–ª–∞–π—Ç–µ –º–µ–Ω—è –æ–±—Ä–∞—Ç–Ω–æ –¥—ã—à–∞—Ç—å, –∞?;–º–µ–Ω—è;—Å–¥–µ–ª–∞–π—Ç–µ;–¥—ã—à–∞—Ç—å;–µ—Å—Ç—å;–Ω–µ—Ç;–Ω–µ—Å–æ–≤.;–Ω–∏—á–µ–≥–æ;–Ω–µ—Ç
–°–¥–µ–ª–∞–π—Ç–µ –º–µ–Ω—è –æ–±—Ä–∞—Ç–Ω–æ –¥—ã—à–∞—Ç—å. #–•–æ–¥–æ—Ä—á–µ–Ω–∫–æ–∂–∏–≤–∏;–º–µ–Ω—è;—Å–¥–µ–ª–∞–π—Ç–µ;–¥—ã—à–∞—Ç—å;–µ—Å—Ç—å;–Ω–µ—Ç;–Ω–µ—Å–æ–≤.;–Ω–∏—á–µ–≥–æ;–Ω–µ—Ç
—á–µ –Ω–∞—á–∞–ª–æ—Å—å-—Ç–æ? —Å–¥–µ–ª–∞–π—Ç–µ –º–µ–Ω—è –æ–±—Ä–∞—Ç–Ω–æ —Å–ø–∞—Ç—å –¥–æ –ø–æ–ª—É–¥–Ω—è;–º–µ–Ω—è;—Å–¥–µ–ª–∞–π—Ç–µ;—Å–ø–∞—Ç—å;–µ—Å—Ç—å;–Ω–µ—Ç;–Ω–µ—Å–æ–≤.;–Ω–∏—á–µ–≥–æ;–Ω–µ—Ç
–∏—Ä–ª —Å–¥–µ–ª–∞–π—Ç–µ –º–µ–Ω—è –æ–±—Ä–∞—Ç–Ω–æ –±—ã—Ç—å –∫–ª–∞—Å—Å–Ω–µ–Ω—å–∫–æ–π —è –¥–∞–∂–µ —Å–æ–≥–ª–∞—à—É—Å—å —á—Ç–æ –∫–ª–∞—Å—Å–Ω–µ–Ω—å–∫–∞—è –±—ã–ª–∞ —Ç–æ–ª—å–∫–æ —Å–¥–µ–ª–∞–π—Ç–µ. —Ç—Ç pic.twitter.com/0nXDMUwY7j;–º–µ–Ω—è;—Å–¥–µ–ª–∞–π—Ç–µ;–±—ã—Ç—å (–∫–ª–∞—Å—Å–Ω–µ–Ω—å–∫–æ–π);–µ—Å—Ç—å;–Ω–µ—Ç;–Ω–µ—Å–æ–≤.;–Ω–∏—á–µ–≥–æ;–Ω–µ—Ç
@AnnaShest: –ì–æ—Å–ø–æ–¥–∏, —Å–¥–µ–ª–∞–π—Ç–µ –º–µ–Ω—è –æ–±—Ä–∞—Ç–Ω–æ –º—É–∂–∏–∫–æ–≤ –ª—é–±–∏—Ç—å.@AnnaShest: –ì–æ—Å–ø–æ–¥–∏, —Å–¥–µ–ª–∞–π—Ç–µ –º–µ–Ω—è –æ–±—Ä–∞—Ç–Ω–æ –º—É–∂–∏–∫–æ–≤ –ª—é–±–∏—Ç—å.;–º–µ–Ω—è;—Å–¥–µ–ª–∞–π—Ç–µ;–ª—é–±–∏—Ç—å;–µ—Å—Ç—å;–¥–∞;–Ω–µ—Å–æ–≤.;–Ω–∏—á–µ–≥–æ;–¥–∞
–í –ë–ê–ë–û–ß–ö–ï –ë–ï–ù–ï–î–ò–ö–¢ –°–î–ï–õ–ê–ô–¢–ï –ú–ï–ù–Ø –û–ë–†–ê–¢–ù–û –ñ–ò–¢–¨;–º–µ–Ω—è;—Å–¥–µ–ª–∞–π—Ç–µ;–∂–∏—Ç—å;–µ—Å—Ç—å;–Ω–µ—Ç;–Ω–µ—Å–æ–≤.;–Ω–∏—á–µ–≥–æ;–Ω–µ—Ç
–ê—Ö–∞—Ö–∞( —Å–¥–µ–ª–∞–π—Ç–µ –º–µ–Ω—è –æ–±—Ä–∞—Ç–Ω–æ —Å–ø–∞—Ç—å, 4 —á–∞—Å–∞ —ç—Ç–æ —Å–ª–∏—à–∫–æ–º –º–∞–ª–æ –¥–ª—è —Å–Ω–∞ :—Å;–º–µ–Ω—è;—Å–¥–µ–ª–∞–π—Ç–µ;—Å–ø–∞—Ç—å;–µ—Å—Ç—å;–Ω–µ—Ç;–Ω–µ—Å–æ–≤.;–Ω–∏—á–µ–≥–æ;–Ω–µ—Ç
@gra2us –ê–ê–ê–ê! –î–ñ–û–ü–° –ñ–´–§–§!!! –°–¥–µ–ª–∞–π—Ç–µ –º–µ–Ω—è –æ–±—Ä–∞—Ç–Ω–æ —Ä–∞–∑–≤–∏–¥–µ—Ç—å —ç—Ç–æ!!1 =);–º–µ–Ω—è;—Å–¥–µ–ª–∞–π—Ç–µ;—Ä–∞–∑–≤–∏–¥–µ—Ç—å;–µ—Å—Ç—å;–Ω–µ—Ç;—Å–æ–≤.;—Ä–∞–∑-;–¥–∞
—Å–¥–µ–ª–∞–π—Ç–µ –º–µ–Ω—è –æ–±—Ä–∞—Ç–Ω–æ –Ω–µ –ª—é–±–∏—Ç—å –∏ –Ω–µ –µ—Å—Ç—å –∫—Ä–∞—Ö–º–∞–ª –∏ –º—É—á–Ω–æ–µ!! >_<;–º–µ–Ω—è;—Å–¥–µ–ª–∞–π—Ç–µ;–ª—é–±–∏—Ç—å;–µ—Å—Ç—å;–¥–∞;–Ω–µ—Å–æ–≤.;–Ω–∏—á–µ–≥–æ;–¥–∞
—Å–¥–µ–ª–∞–π—Ç–µ –º–µ–Ω—è –æ–±—Ä–∞—Ç–Ω–æ –Ω–µ –ª—é–±–∏—Ç—å –∏ –Ω–µ –µ—Å—Ç—å –∫—Ä–∞—Ö–º–∞–ª –∏ –º—É—á–Ω–æ–µ!! >_<;–º–µ–Ω—è;—Å–¥–µ–ª–∞–π—Ç–µ;–µ—Å—Ç—å;–µ—Å—Ç—å;–Ω–µ—Ç;–Ω–µ—Å–æ–≤.;–Ω–∏—á–µ–≥–æ;–¥–∞
–∫—Ç–æ –Ω–∏–±—É—Ç—å, –∑–∞—Å—Ç–∞–≤—å—Ç–µ –º–µ–Ω—è –æ–±—Ä–∞—Ç–Ω–æ —Ä–∞–±–æ–∞—Ç—å, –∞ –Ω–µ –∑–∞–ª–∏–ø–∞—Ç—å –≤ —ç—Ç–æ–π —Ö–µ—Ä–Ω–µ :(;–º–µ–Ω—è;–∑–∞—Å—Ç–∞–≤—å—Ç–µ;—Ä–∞–±–æ—Ç–∞—Ç—å;–µ—Å—Ç—å;–¥–∞;–Ω–µ—Å–æ–≤.;–Ω–∏—á–µ–≥–æ;–Ω–µ—Ç
–ö—Ç–æ-–Ω–∏–±—É–¥—å, –∑–∞—Å—Ç–∞–≤—å—Ç–µ –º–µ–Ω—è –æ–±—Ä–∞—Ç–Ω–æ –ø–æ–ª—é–±–∏—Ç—å –ù–∏–∫–∞ –•–æ–¥–∂—Å–æ–Ω–∞!;–º–µ–Ω—è;–∑–∞—Å—Ç–∞–≤—å—Ç–µ;–ø–æ–ª—é–±–∏—Ç—å;–µ—Å—Ç—å;–Ω–µ—Ç;—Å–æ–≤.;–Ω–∏—á–µ–≥–æ;–¥–∞
–∑–∞—Å—Ç–∞–≤—å—Ç–µ –º–µ–Ω—è –æ–±—Ä–∞—Ç–Ω–æ –ø–æ–≤–µ—Ä–∏—Ç—å –≤ –º–∞–≥–∏—é,–∑–∞–¥–∞–≤ –º–Ω–µ –æ–±—ã—á–Ω—ã–π –≤–æ–ø—Ä–æ—Å—Å —ç—Ç–æ –≤—Å–µ;–º–µ–Ω—è;–∑–∞—Å—Ç–∞–≤—å—Ç–µ;–ø–æ–≤–µ—Ä–∏—Ç—å;–µ—Å—Ç—å;–Ω–µ—Ç;—Å–æ–≤.;–Ω–∏—á–µ–≥–æ;–Ω–µ—Ç
–°—Ç—Ä–∞–Ω–Ω–æ–µ –∫–æ—Ä–µ–π—Å–∫–æ–µ –ª–µ—Ç–æ–∏—Å—á–∏—Å–ª–µ–Ω–∏–µ, –∏ –≤ —Ä–µ–∑—É–ª—å—Ç–∞—Ç–µ –¥–∞–∂–µ –º–Ω–µ –≤–Ω–µ–∑–∞–ø–Ω–æ –ò—Ç—É–∫-–æ–ø–ø–∞. –ó–∞—Å—Ç–∞–≤—å—Ç–µ –º–µ–Ω—è –æ–±—Ä–∞—Ç–Ω–æ –ø–æ–ª—é–±–∏—Ç—å –¥–∂–æ–Ω–Ω–∏—Å–æ–≤.;–º–µ–Ω—è;–∑–∞—Å—Ç–∞–≤—å—Ç–µ;–ø–æ–ª—é–±–∏—Ç—å;–µ—Å—Ç—å;–Ω–µ—Ç;—Å–æ–≤.;–Ω–∏—á–µ–≥–æ;–¥–∞
–°–¥–µ–ª–∞–π—Ç–µ –º–Ω–µ –æ–±—Ä–∞—Ç–Ω–æ —Ç–æ—à–Ω–∏—Ç—å –æ—Ç –µ–¥—ã –ù–µ–ª—å–∑—è —Å—Ç–æ–ª—å–∫–æ –∂—Ä–∞—Ç—å;–º–Ω–µ;—Å–¥–µ–ª–∞–π—Ç–µ;—Ç–æ—à–Ω–∏—Ç—å;–µ—Å—Ç—å;–Ω–µ—Ç;–Ω–µ—Å–æ–≤.;–Ω–∏—á–µ–≥–æ;–Ω–µ—Ç
–°–î–ï–õ–ê–ô–¢–ï –ú–ù–ï –û–ë–†–ê–¢–ù–û –î–´–®–ê–¢–¨. –ß–¢–û –≠–¢–û...–§–£, –û–¢–û–ô–î–ò–¢–ï –î–†–£–ì –û–¢–û –î–†–£–ì–ê! –Ø –û–ë–û–ò–• –õ–Æ–ë–õ–Æ, –ù–û –ü–û –†–ê–ó–î–ï–õ–¨–ù–û–°–¢–ò;–º–Ω–µ;—Å–¥–µ–ª–∞–π—Ç–µ;–¥—ã—à–∞—Ç—å;–µ—Å—Ç—å;–Ω–µ—Ç;–Ω–µ—Å–æ–≤.;–Ω–∏—á–µ–≥–æ;–Ω–µ—Ç
